WellName,CorpID,NettingValue,NettingDate,Update_Date,Update_User
Dorsett 6H,10409437-000,0.155,1970-01-01 00:00:00.000,2020-01-09 13:02:05.000,Travis Comer
Dorsett 6H,10409437-000,0.156,2019-01-01 00:00:00.000,2020-01-15 08:47:48.000,Travis Comer
Davis F 3 H,10971788-000,0.1720316,1970-01-01 00:00:00.000,2019-09-09 14:49:54.000,Travis Comer
Glaspie 10,10979286-000,0.1942807,1970-01-01 00:00:00.000,2019-09-09 14:49:54.000,Travis Comer
Findley B 5 H,11540695-000,0.1720316,1970-01-01 00:00:00.000,2019-09-09 14:49:54.000,Travis Comer
Frank White 1,11970805-000,0.1510776,1970-01-01 00:00:00.000,2019-09-09 14:49:54.000,Travis Comer
Rosa Corbin 1,11971111-000,0.1510776,1970-01-01 00:00:00.000,2019-09-09 14:49:54.000,Travis Comer
Bozman 1,11971119-000,0.1510776,1970-01-01 00:00:00.000,2019-09-09 14:49:54.000,Travis Comer
Nicholson 3,11971128-000,0.1510776,1970-01-01 00:00:00.000,2019-09-09 14:49:54.000,Travis Comer
McGee 1,11990525-003,0.1720316,1970-01-01 00:00:00.000,2019-09-09 14:49:54.000,Travis Comer
Findley B 1,11990594-000,0.1720316,1970-01-01 00:00:00.000,2019-09-09 14:49:54.000,Travis Comer
Findley A 3,11990601-000,0.1720316,1970-01-01 00:00:00.000,2019-09-09 14:49:54.000,Travis Comer
Highland Lake Club 1,11990623-004,0.1720316,1970-01-01 00:00:00.000,2019-09-09 14:49:54.000,Travis Comer
Slaughter B 1,11990630-000,0.1720316,1970-01-01 00:00:00.000,2019-09-09 14:49:54.000,Travis Comer
Britton 1,11990631-000,0.1720316,1970-01-01 00:00:00.000,2019-09-09 14:49:54.000,Travis Comer
Davis A 1,11990634-000,0.1720316,1970-01-01 00:00:00.000,2019-09-09 14:49:54.000,Travis Comer
Pope 2,11992490-002,0.1720316,1970-01-01 00:00:00.000,2019-09-09 14:49:54.000,Travis Comer
Caldwell 1,11992525-001,0.1720316,1970-01-01 00:00:00.000,2019-09-09 14:49:54.000,Travis Comer
Jones 3,11992549-000,0.1720316,1970-01-01 00:00:00.000,2019-09-09 14:49:54.000,Travis Comer
Owens 3,11992581-000,0.1720316,1970-01-01 00:00:00.000,2019-09-09 14:49:54.000,Travis Comer
Slaughter B 2,11992599-003,0.1720316,1970-01-01 00:00:00.000,2019-09-09 14:49:54.000,Travis Comer
Hordern A 2,11992631-000,0.1720316,1970-01-01 00:00:00.000,2019-09-09 14:49:54.000,Travis Comer
Lewis B 2,11992667-000,0.1720316,1970-01-01 00:00:00.000,2019-09-09 14:49:54.000,Travis Comer
Nesbitt Stroud 1,11992719-002,0.1720316,1970-01-01 00:00:00.000,2019-09-09 14:49:54.000,Travis Comer
Young B 1,11992732-001,0.1733621,1970-01-01 00:00:00.000,2019-09-09 14:49:54.000,Travis Comer
Kathleen Resch 1,11992738-000,0.1733621,1970-01-01 00:00:00.000,2019-09-09 14:49:54.000,Travis Comer
Brewster 1,11992758-000,0.1733621,1970-01-01 00:00:00.000,2019-09-09 14:49:54.000,Travis Comer
Woods 2,11992763-000,0.1720316,1970-01-01 00:00:00.000,2019-09-09 14:49:54.000,Travis Comer
Brune Burnett B 1,11992781-000,0.1733621,1970-01-01 00:00:00.000,2019-09-09 14:49:54.000,Travis Comer
Findley B 2,11992790-000,0.1720316,1970-01-01 00:00:00.000,2019-09-09 14:49:54.000,Travis Comer
Mary Roden 1,11992792-000,0.1733621,1970-01-01 00:00:00.000,2019-09-09 14:49:54.000,Travis Comer
T W George B 1,11992794-000,0.1733621,1970-01-01 00:00:00.000,2019-09-09 14:49:54.000,Travis Comer
Knackstedt 1,11992808-000,0.1733621,1970-01-01 00:00:00.000,2019-09-09 14:49:54.000,Travis Comer
Becker 1,11992813-000,0.1733621,1970-01-01 00:00:00.000,2019-09-09 14:49:54.000,Travis Comer
Chapman B 1,11992824-000,0.1720316,1970-01-01 00:00:00.000,2019-09-09 14:49:54.000,Travis Comer
Thompson 1,11992844-000,0.1733621,1970-01-01 00:00:00.000,2019-09-09 14:49:54.000,Travis Comer
Patterson Herrin 1,11992845-000,0.1733621,1970-01-01 00:00:00.000,2019-09-09 14:49:54.000,Travis Comer
Britton 3 L,11992860-000,0.1720316,1970-01-01 00:00:00.000,2019-09-09 14:49:54.000,Travis Comer
Britton 3 U,11992860-003,0.1720316,1970-01-01 00:00:00.000,2019-09-09 14:49:54.000,Travis Comer
Bath A 1,11992864-000,0.1733621,1970-01-01 00:00:00.000,2019-09-09 14:49:54.000,Travis Comer
Katherine Brown 1,11992865-000,0.1733621,1970-01-01 00:00:00.000,2019-09-09 14:49:54.000,Travis Comer
Bath B 1,11992872-000,0.1733621,1970-01-01 00:00:00.000,2019-09-09 14:49:54.000,Travis Comer
Maude Brown 1,11992878-000,0.1733621,1970-01-01 00:00:00.000,2019-09-09 14:49:54.000,Travis Comer
Runnels 1,11992879-000,0.1733621,1970-01-01 00:00:00.000,2019-09-09 14:49:54.000,Travis Comer
Washington 1,11992884-000,0.1733621,1970-01-01 00:00:00.000,2019-09-09 14:49:54.000,Travis Comer
Roscoe 1,11992885-000,0.1733621,1970-01-01 00:00:00.000,2019-09-09 14:49:54.000,Travis Comer
Griffis 2,11992900-000,0.1720316,1970-01-01 00:00:00.000,2019-09-09 14:49:54.000,Travis Comer
Rosborough 1,11992903-000,0.1733621,1970-01-01 00:00:00.000,2019-09-09 14:49:54.000,Travis Comer
Ware A 1,11992912-000,0.1733621,1970-01-01 00:00:00.000,2019-09-09 14:49:54.000,Travis Comer
Caldwell 2,11992916-004,0.1720316,1970-01-01 00:00:00.000,2019-09-09 14:49:54.000,Travis Comer
Amis 1,11992928-000,0.1733621,1970-01-01 00:00:00.000,2019-09-09 14:49:54.000,Travis Comer
Justice 1,11992937-000,0.1733621,1970-01-01 00:00:00.000,2019-09-09 14:49:54.000,Travis Comer
Coats 1,11992940-000,0.1733621,1970-01-01 00:00:00.000,2019-09-09 14:49:54.000,Travis Comer
Greer 1,11992944-000,0.1733621,1970-01-01 00:00:00.000,2019-09-09 14:49:54.000,Travis Comer
Frank Davis 1,11992945-000,0.1720316,1970-01-01 00:00:00.000,2019-09-09 14:49:54.000,Travis Comer
Davis F 1,11992946-000,0.1720316,1970-01-01 00:00:00.000,2019-09-09 14:49:54.000,Travis Comer
Allen 1,11992949-000,0.1733621,1970-01-01 00:00:00.000,2019-09-09 14:49:54.000,Travis Comer
Nancy Brewster 1,11992950-002,0.1733621,1970-01-01 00:00:00.000,2019-09-09 14:49:54.000,Travis Comer
Dorsett 1,11992952-000,0.1733621,1970-01-01 00:00:00.000,2019-09-09 14:49:54.000,Travis Comer
McGee B 1,11992956-000,0.1720316,1970-01-01 00:00:00.000,2019-09-09 14:49:54.000,Travis Comer
Chauvin Landry 1,11992962-000,0.1733621,1970-01-01 00:00:00.000,2019-09-09 14:49:54.000,Travis Comer
Jackson 1,11992963-000,0.1720316,1970-01-01 00:00:00.000,2019-09-09 14:49:54.000,Travis Comer
Dudeck Heirs 1,11992986-000,0.1733621,1970-01-01 00:00:00.000,2019-09-09 14:49:54.000,Travis Comer
Wyatt 1,11993012-000,0.1733621,1970-01-01 00:00:00.000,2019-09-09 14:49:54.000,Travis Comer
Peggy Pierce 1,11993022-003,0.1720316,1970-01-01 00:00:00.000,2019-09-09 14:49:54.000,Travis Comer
Thompson B 1,11993025-000,0.1733621,1970-01-01 00:00:00.000,2019-09-09 14:49:54.000,Travis Comer
Jones 4 AM,11993040-000,0.1720316,1970-01-01 00:00:00.000,2019-09-09 14:49:54.000,Travis Comer
Harris B 1,11993042-000,0.1720316,1970-01-01 00:00:00.000,2019-09-09 14:49:54.000,Travis Comer
Pope 3,11993062-003,0.1720316,1970-01-01 00:00:00.000,2019-09-09 14:49:54.000,Travis Comer
Lee A 3,11993071-000,0.1720316,1970-01-01 00:00:00.000,2019-09-09 14:49:54.000,Travis Comer
Allen 2,11993181-003,0.1733621,1970-01-01 00:00:00.000,2019-09-09 14:49:54.000,Travis Comer
Pope 4,11993289-003,0.1720316,1970-01-01 00:00:00.000,2019-09-09 14:49:54.000,Travis Comer
Caldwell 4,11993293-004,0.1720316,1970-01-01 00:00:00.000,2019-09-09 14:49:54.000,Travis Comer
Britton 4,11993298-000,0.1720316,1970-01-01 00:00:00.000,2019-09-09 14:49:54.000,Travis Comer
Maude Brown 2,11993762-000,0.1733621,1970-01-01 00:00:00.000,2019-09-09 14:49:54.000,Travis Comer
Vann 2,11993764-000,0.1733621,1970-01-01 00:00:00.000,2019-09-09 14:49:54.000,Travis Comer
Lee A 4,11993771-000,0.1720316,1970-01-01 00:00:00.000,2019-09-09 14:49:54.000,Travis Comer
Mary Roden 2,11993778-000,0.1733621,1970-01-01 00:00:00.000,2019-09-09 14:49:54.000,Travis Comer
Thompson B 2,11993779-000,0.1733621,1970-01-01 00:00:00.000,2019-09-09 14:49:54.000,Travis Comer
T W George B 2,11993781-002,0.1733621,1970-01-01 00:00:00.000,2019-09-09 14:49:54.000,Travis Comer
Bath A 2,11993782-000,0.1733621,1970-01-01 00:00:00.000,2019-09-09 14:49:54.000,Travis Comer
Bath B 2,11993783-000,0.1733621,1970-01-01 00:00:00.000,2019-09-09 14:49:54.000,Travis Comer
Runnels 2,11993786-000,0.1733621,1970-01-01 00:00:00.000,2019-09-09 14:49:54.000,Travis Comer
Nancy Brewster 2,11993788-000,0.1733621,1970-01-01 00:00:00.000,2019-09-09 14:49:54.000,Travis Comer
Griffis 3,11993790-000,0.1720316,1970-01-01 00:00:00.000,2019-09-09 14:49:54.000,Travis Comer
Brewster 3,11993792-000,0.1733621,1970-01-01 00:00:00.000,2019-09-09 14:49:54.000,Travis Comer
Newton Dorsett 1,11993792-004,0.1733621,1970-01-01 00:00:00.000,2019-09-09 14:49:54.000,Travis Comer
Lewis B 3,11993795-000,0.1720316,1970-01-01 00:00:00.000,2019-09-09 14:49:54.000,Travis Comer
Greer 2,11993798-000,0.1733621,1970-01-01 00:00:00.000,2019-09-09 14:49:54.000,Travis Comer
Patterson Herrin 2,11993801-000,0.1733621,1970-01-01 00:00:00.000,2019-09-09 14:49:54.000,Travis Comer
Dorsett 2,11993803-000,0.1733621,1970-01-01 00:00:00.000,2019-09-09 14:49:54.000,Travis Comer
Findley B 3,11993804-000,0.1720316,1970-01-01 00:00:00.000,2019-09-09 14:49:54.000,Travis Comer
Roscoe 2,11993808-000,0.1733621,1970-01-01 00:00:00.000,2019-09-09 14:49:54.000,Travis Comer
Kathleen Resch 2,11993811-000,0.1733621,1970-01-01 00:00:00.000,2019-09-09 14:49:54.000,Travis Comer
Knackstedt 2,11993815-000,0.1733621,1970-01-01 00:00:00.000,2019-09-09 14:49:54.000,Travis Comer
Knackstedt 3,11993818-000,0.1733621,1970-01-01 00:00:00.000,2019-09-09 14:49:54.000,Travis Comer
Thompson 2,11993819-000,0.1733621,1970-01-01 00:00:00.000,2019-09-09 14:49:54.000,Travis Comer
Becker 3,11993820-000,0.1733621,1970-01-01 00:00:00.000,2019-09-09 14:49:54.000,Travis Comer
Katherine Brown 3,11993821-000,0.1733621,1970-01-01 00:00:00.000,2019-09-09 14:49:54.000,Travis Comer
Thompson 3,11993823-000,0.1733621,1970-01-01 00:00:00.000,2019-09-09 14:49:54.000,Travis Comer
Roscoe 3,11993824-000,0.1733621,1970-01-01 00:00:00.000,2019-09-09 14:49:54.000,Travis Comer
James 3,11993828-000,0.1733621,1970-01-01 00:00:00.000,2019-09-09 14:49:54.000,Travis Comer
Washington 3,11993829-000,0.1733621,1970-01-01 00:00:00.000,2019-09-09 14:49:54.000,Travis Comer
Katherine Brown 4,11993831-000,0.1733621,1970-01-01 00:00:00.000,2019-09-09 14:49:54.000,Travis Comer
James 4,11993832-000,0.1733621,1970-01-01 00:00:00.000,2019-09-09 14:49:54.000,Travis Comer
Thompson 4,11993833-000,0.1733621,1970-01-01 00:00:00.000,2019-09-09 14:49:54.000,Travis Comer
Akins Reeves 4,11993834-000,0.1733621,1970-01-01 00:00:00.000,2019-09-09 14:49:54.000,Travis Comer
Amis 2,11993835-000,0.1733621,1970-01-01 00:00:00.000,2019-09-09 14:49:54.000,Travis Comer
Kathleen Resch 4,11993839-000,0.1733621,1970-01-01 00:00:00.000,2019-09-09 14:49:54.000,Travis Comer
Caldwell 5,11993840-000,0.1720316,1970-01-01 00:00:00.000,2019-09-09 14:49:54.000,Travis Comer
Jones 6,11993841-000,0.1720316,1970-01-01 00:00:00.000,2019-09-09 14:49:54.000,Travis Comer
Jones 7,11993842-000,0.1720316,1970-01-01 00:00:00.000,2019-09-09 14:49:54.000,Travis Comer
Maude Brown 4,11993843-000,0.1733621,1970-01-01 00:00:00.000,2019-09-09 14:49:54.000,Travis Comer
Britton 5,11993844-000,0.1720316,1970-01-01 00:00:00.000,2019-09-09 14:49:54.000,Travis Comer
Kathleen Resch 3,11993845-000,0.1733621,1970-01-01 00:00:00.000,2019-09-09 14:49:54.000,Travis Comer
Knackstedt 4,11993846-000,0.1733621,1970-01-01 00:00:00.000,2019-09-09 14:49:54.000,Travis Comer
Mary Roden 4,11993847-000,0.1733621,1970-01-01 00:00:00.000,2019-09-09 14:49:54.000,Travis Comer
Maude Brown 3,11993848-000,0.1733621,1970-01-01 00:00:00.000,2019-09-09 14:49:54.000,Travis Comer
Nancy Brewster 3,11993851-000,0.1733621,1970-01-01 00:00:00.000,2019-09-09 14:49:54.000,Travis Comer
Vann 3,11993853-000,0.1733621,1970-01-01 00:00:00.000,2019-09-09 14:49:54.000,Travis Comer
Becker 4,11993854-000,0.1733621,1970-01-01 00:00:00.000,2019-09-09 14:49:54.000,Travis Comer
Bath B 4,11993855-000,0.1733621,1970-01-01 00:00:00.000,2019-09-09 14:49:54.000,Travis Comer
Vann 4,11993856-000,0.1733621,1970-01-01 00:00:00.000,2019-09-09 14:49:54.000,Travis Comer
Runnels 4,11993858-000,0.1733621,1970-01-01 00:00:00.000,2019-09-09 14:49:54.000,Travis Comer
Runnels 3,11993859-000,0.1733621,1970-01-01 00:00:00.000,2019-09-09 14:49:54.000,Travis Comer
T W George A 2,11993861-000,0.1733621,1970-01-01 00:00:00.000,2019-09-09 14:49:54.000,Travis Comer
Patterson Herrin 3,11993862-000,0.1733621,1970-01-01 00:00:00.000,2019-09-09 14:49:54.000,Travis Comer
Katherine Brown 2,11993863-000,0.1733621,1970-01-01 00:00:00.000,2019-09-09 14:49:54.000,Travis Comer
Patterson Herrin 4,11993864-000,0.1733621,1970-01-01 00:00:00.000,2019-09-09 14:49:54.000,Travis Comer
Lewis B 4,11993868-000,0.1720316,1970-01-01 00:00:00.000,2019-09-09 14:49:54.000,Travis Comer
Bath A 3,11993870-000,0.1733621,1970-01-01 00:00:00.000,2019-09-09 14:49:54.000,Travis Comer
Dudeck Heirs 2,11993871-000,0.1733621,1970-01-01 00:00:00.000,2019-09-09 14:49:54.000,Travis Comer
T W George B 3,11993872-000,0.1733621,1970-01-01 00:00:00.000,2019-09-09 14:49:54.000,Travis Comer
T W George A 3,11993873-000,0.1733621,1970-01-01 00:00:00.000,2019-09-09 14:49:54.000,Travis Comer
Washington 4,11993874-000,0.1733621,1970-01-01 00:00:00.000,2019-09-09 14:49:54.000,Travis Comer
Woods 4,11993876-003,0.1720316,1970-01-01 00:00:00.000,2019-09-09 14:49:54.000,Travis Comer
Chauvin Landry 2,11993883-000,0.1733621,1970-01-01 00:00:00.000,2019-09-09 14:49:54.000,Travis Comer
Findley A 5,11993885-000,0.1720316,1970-01-01 00:00:00.000,2019-09-09 14:49:54.000,Travis Comer
Owens 4,11993886-000,0.1720316,1970-01-01 00:00:00.000,2019-09-09 14:49:54.000,Travis Comer
Pope 5,11993887-000,0.1720316,1970-01-01 00:00:00.000,2019-09-09 14:49:54.000,Travis Comer
Lee A 5,11993889-000,0.1720316,1970-01-01 00:00:00.000,2019-09-09 14:49:54.000,Travis Comer
Hurd 3,11993890-000,0.1720316,1970-01-01 00:00:00.000,2019-09-09 14:49:54.000,Travis Comer
Bath B 3,11993892-000,0.1733621,1970-01-01 00:00:00.000,2019-09-09 14:49:54.000,Travis Comer
Rosborough B 3,11993894-000,0.1733621,1970-01-01 00:00:00.000,2019-09-09 14:49:54.000,Travis Comer
Coats 2,11993896-000,0.1733621,1970-01-01 00:00:00.000,2019-09-09 14:49:54.000,Travis Comer
Brune Burnett B 2,11993905-000,0.1733621,1970-01-01 00:00:00.000,2019-09-09 14:49:54.000,Travis Comer
Dorsett 3,11993919-000,0.1733621,1970-01-01 00:00:00.000,2019-09-09 14:49:54.000,Travis Comer
Woods 5,11993922-000,0.1720316,1970-01-01 00:00:00.000,2019-09-09 14:49:54.000,Travis Comer
Matthews 2,11993925-000,0.1733621,1970-01-01 00:00:00.000,2019-09-09 14:49:54.000,Travis Comer
Dorsett 4,11994027-000,0.1733621,1970-01-01 00:00:00.000,2019-09-09 14:49:54.000,Travis Comer
Ware A 5,11994028-000,0.1733621,1970-01-01 00:00:00.000,2019-09-09 14:49:54.000,Travis Comer
Resch B 2,11994033-000,0.1733621,1970-01-01 00:00:00.000,2019-09-09 14:49:54.000,Travis Comer
Resch B 3,11994034-000,0.1733621,1970-01-01 00:00:00.000,2019-09-09 14:49:54.000,Travis Comer
Dorsett 5,11994038-000,0.1733621,1970-01-01 00:00:00.000,2019-09-09 14:49:54.000,Travis Comer
Lewis B 5,11994055-000,0.1720316,1970-01-01 00:00:00.000,2019-09-09 14:49:54.000,Travis Comer
T W George A 4,11994058-000,0.1733621,1970-01-01 00:00:00.000,2019-09-09 14:49:54.000,Travis Comer
Runnels 5,11994155-000,0.1733621,1970-01-01 00:00:00.000,2019-09-09 14:49:54.000,Travis Comer
Thompson 5,11994156-000,0.1733621,1970-01-01 00:00:00.000,2019-09-09 14:49:54.000,Travis Comer
Kathleen Resch 5,11994157-000,0.1733621,1970-01-01 00:00:00.000,2019-09-09 14:49:54.000,Travis Comer
Pope 6,11994159-000,0.1720316,1970-01-01 00:00:00.000,2019-09-09 14:49:54.000,Travis Comer
Jones 8,11994161-000,0.1720316,1970-01-01 00:00:00.000,2019-09-09 14:49:54.000,Travis Comer
Woods 6,11994163-000,0.1720316,1970-01-01 00:00:00.000,2019-09-09 14:49:54.000,Travis Comer
Knackstedt 5,11994164-000,0.1733621,1970-01-01 00:00:00.000,2019-09-09 14:49:54.000,Travis Comer
Runnels 6,12004357-000,0.1733621,1970-01-01 00:00:00.000,2019-09-09 14:49:54.000,Travis Comer
Orr 1,12005498-000,0.1510776,1970-01-01 00:00:00.000,2019-09-09 14:49:54.000,Travis Comer
Caldwell 7 L,12055500-000,0.1720316,1970-01-01 00:00:00.000,2019-09-09 14:49:54.000,Travis Comer
Caldwell 7 U,12055500-004,0.1720316,1970-01-01 00:00:00.000,2019-09-09 14:49:54.000,Travis Comer
Lee A 8,12055503-000,0.1720316,1970-01-01 00:00:00.000,2019-09-09 14:49:54.000,Travis Comer
Pope 8,12056055-000,0.1720316,1970-01-01 00:00:00.000,2019-09-09 14:49:54.000,Travis Comer
Caldwell 6 L,12088323-000,0.1720316,1970-01-01 00:00:00.000,2019-09-09 14:49:54.000,Travis Comer
Caldwell 6 U,12088323-003,0.1720316,1970-01-01 00:00:00.000,2019-09-09 14:49:54.000,Travis Comer
Caldwell 8 L,12088325-000,0.1720316,1970-01-01 00:00:00.000,2019-09-09 14:49:54.000,Travis Comer
Caldwell 8 U,12088325-003,0.1720316,1970-01-01 00:00:00.000,2019-09-09 14:49:54.000,Travis Comer
Griffis 6,12088326-000,0.1720316,1970-01-01 00:00:00.000,2019-09-09 14:49:54.000,Travis Comer
Britton 8,12088327-000,0.1720316,1970-01-01 00:00:00.000,2019-09-09 14:49:54.000,Travis Comer
Griffis 5,12090829-000,0.1720316,1970-01-01 00:00:00.000,2019-09-09 14:49:54.000,Travis Comer
Lewis B 7,12090831-000,0.1720316,1970-01-01 00:00:00.000,2019-09-09 14:49:54.000,Travis Comer
Caldwell 10 L,12093758-000,0.1720316,1970-01-01 00:00:00.000,2019-09-09 14:49:54.000,Travis Comer
Caldwell 10 U,12093758-003,0.1720316,1970-01-01 00:00:00.000,2019-09-09 14:49:54.000,Travis Comer
Frank Davis 3,12101486-000,0.1720316,1970-01-01 00:00:00.000,2019-09-09 14:49:54.000,Travis Comer
McGee 4,12101584-000,0.1720316,1970-01-01 00:00:00.000,2019-09-09 14:49:54.000,Travis Comer
Chapman B 6,12102638-000,0.1720316,1970-01-01 00:00:00.000,2019-09-09 14:49:54.000,Travis Comer
Pope 7,12105517-000,0.1720316,1970-01-01 00:00:00.000,2019-09-09 14:49:54.000,Travis Comer
Lewis B 6,12105890-000,0.1720316,1970-01-01 00:00:00.000,2019-09-09 14:49:54.000,Travis Comer
Britton 7,12105891-000,0.1720316,1970-01-01 00:00:00.000,2019-09-09 14:49:54.000,Travis Comer
Woods 7,12106225-000,0.1720316,1970-01-01 00:00:00.000,2019-09-09 14:49:54.000,Travis Comer
Caldwell 9,12106274-000,0.1720316,1970-01-01 00:00:00.000,2019-09-09 14:49:54.000,Travis Comer
Moyers 2,12106722-000,0.1510776,1970-01-01 00:00:00.000,2019-09-09 14:49:54.000,Travis Comer
Lee A 6,12106913-000,0.1720316,1970-01-01 00:00:00.000,2019-09-09 14:49:54.000,Travis Comer
Chevron 1,12106999-003,0.1510776,1970-01-01 00:00:00.000,2019-09-09 14:49:54.000,Travis Comer
Chevron 2,12107006-000,0.1510776,1970-01-01 00:00:00.000,2019-09-09 14:49:54.000,Travis Comer
Jackson 4,12107032-000,0.1720316,1970-01-01 00:00:00.000,2019-09-09 14:49:54.000,Travis Comer
Woods 8,12107146-000,0.1720316,1970-01-01 00:00:00.000,2019-09-09 14:49:54.000,Travis Comer
Chapman B 7 L,12107246-000,0.1720316,1970-01-01 00:00:00.000,2019-09-09 14:49:54.000,Travis Comer
Chapman B 7 U,12107246-003,0.1720316,1970-01-01 00:00:00.000,2019-09-09 14:49:54.000,Travis Comer
Lee A 9,12108305-000,0.1720316,1970-01-01 00:00:00.000,2019-09-09 14:49:54.000,Travis Comer
Bath B 6,12108407-000,0.1733621,1970-01-01 00:00:00.000,2019-09-09 14:49:54.000,Travis Comer
Lee A 10,12108456-000,0.1720316,1970-01-01 00:00:00.000,2019-09-09 14:49:54.000,Travis Comer
Kingstree Ranch 1,12108457-000,0.1720316,1970-01-01 00:00:00.000,2019-09-09 14:49:54.000,Travis Comer
Thompson 6,12108652-000,0.1733621,1970-01-01 00:00:00.000,2019-09-09 14:49:54.000,Travis Comer
T W George B 4,12108653-000,0.1733621,1970-01-01 00:00:00.000,2019-09-09 14:49:54.000,Travis Comer
Brown Heirs 1,12108826-000,0.1720316,1970-01-01 00:00:00.000,2019-09-09 14:49:54.000,Travis Comer
McGee B 3,12108914-005,0.1720316,1970-01-01 00:00:00.000,2019-09-09 14:49:54.000,Travis Comer
Dudeck Heirs 3,12108915-000,0.1733621,1970-01-01 00:00:00.000,2019-09-09 14:49:54.000,Travis Comer
Whaley B 1,12109134-000,0.1720316,1970-01-01 00:00:00.000,2019-09-09 14:49:54.000,Travis Comer
Kingstree Ranch 3,12109290-000,0.1720316,1970-01-01 00:00:00.000,2019-09-09 14:49:54.000,Travis Comer
Maude Brown 5,12109569-000,0.1733621,1970-01-01 00:00:00.000,2019-09-09 14:49:54.000,Travis Comer
Matthews 3,12109591-000,0.1733621,1970-01-01 00:00:00.000,2019-09-09 14:49:54.000,Travis Comer
Griffis 4,12109812-000,0.1720316,1970-01-01 00:00:00.000,2019-09-09 14:49:54.000,Travis Comer
Washington 8,12109835-000,0.1733621,1970-01-01 00:00:00.000,2019-09-09 14:49:54.000,Travis Comer
Knackstedt 7,12109852-000,0.1733621,1970-01-01 00:00:00.000,2019-09-09 14:49:54.000,Travis Comer
McGee 6,12109898-004,0.1720316,1970-01-01 00:00:00.000,2019-09-09 14:49:54.000,Travis Comer
Kathleen Resch 6,12110009-000,0.1733621,1970-01-01 00:00:00.000,2019-09-09 14:49:54.000,Travis Comer
Chapman B 8,12110071-000,0.1720316,1970-01-01 00:00:00.000,2019-09-09 14:49:54.000,Travis Comer
Becker 5,12110153-000,0.1733621,1970-01-01 00:00:00.000,2019-09-09 14:49:54.000,Travis Comer
Knackstedt 6,12110802-000,0.1733621,1970-01-01 00:00:00.000,2019-09-09 14:49:54.000,Travis Comer
Lee A 7,12110819-000,0.1720316,1970-01-01 00:00:00.000,2019-09-09 14:49:54.000,Travis Comer
Kingstree Ranch 4,12110963-000,0.1720316,1970-01-01 00:00:00.000,2019-09-09 14:49:54.000,Travis Comer
McGee 5,12111102-000,0.1720316,1970-01-01 00:00:00.000,2019-09-09 14:49:54.000,Travis Comer
Whaley B 2,12111345-000,0.1720316,1970-01-01 00:00:00.000,2019-09-09 14:49:54.000,Travis Comer
Williams 1,12111395-000,0.1720316,1970-01-01 00:00:00.000,2019-09-09 14:49:54.000,Travis Comer
McGee B 5,12112124-000,0.1720316,1970-01-01 00:00:00.000,2019-09-09 14:49:54.000,Travis Comer
Kelly Heirs 1,12113465-000,0.1720316,1970-01-01 00:00:00.000,2019-09-09 14:49:54.000,Travis Comer
Kingstree Ranch B 1,12114099-000,0.1720316,1970-01-01 00:00:00.000,2019-09-09 14:49:54.000,Travis Comer
McGee 7,12116118-007,0.1720316,1970-01-01 00:00:00.000,2019-09-09 14:49:54.000,Travis Comer
Oran Bell 1,12116381-000,0.1720316,1970-01-01 00:00:00.000,2019-09-09 14:49:54.000,Travis Comer
McGee B 6,12116566-000,0.1720316,1970-01-01 00:00:00.000,2019-09-09 14:49:54.000,Travis Comer
Nesbitt Stroud 2,12117887-000,0.1720316,1970-01-01 00:00:00.000,2019-09-09 14:49:54.000,Travis Comer
Kelly Heirs 2,12118659-000,0.1720316,1970-01-01 00:00:00.000,2019-09-09 14:49:54.000,Travis Comer
Jones 9,12121562-000,0.1720316,1970-01-01 00:00:00.000,2019-09-09 14:49:54.000,Travis Comer
Kelly Heirs 3,12121703-000,0.1720316,1970-01-01 00:00:00.000,2019-09-09 14:49:54.000,Travis Comer
Kingstree Ranch D 1,12121769-000,0.1720316,1970-01-01 00:00:00.000,2019-09-09 14:49:54.000,Travis Comer
Patterson Herrin 5,12121927-000,0.1733621,1970-01-01 00:00:00.000,2019-09-09 14:49:54.000,Travis Comer
Kathleen Resch 8,12121945-000,0.1733621,1970-01-01 00:00:00.000,2019-09-09 14:49:54.000,Travis Comer
Kingstree Ranch E 1,12121954-000,0.1720316,1970-01-01 00:00:00.000,2019-09-09 14:49:54.000,Travis Comer
BP Fee A 344,12193144-000,0.1672963,1970-01-01 00:00:00.000,2019-09-09 14:49:54.000,Travis Comer
BP Fee A 896,12193155-000,0.1672963,1970-01-01 00:00:00.000,2019-09-09 14:49:54.000,Travis Comer
Arco Fee A 254,12193194-000,0.1672963,1970-01-01 00:00:00.000,2019-09-09 14:49:54.000,Travis Comer
Burnett Brothers 7,12272549-000,0.160221,1970-01-01 00:00:00.000,2019-09-09 14:49:54.000,Travis Comer
Burnett Brothers 1,12272550-002,0.160221,1970-01-01 00:00:00.000,2019-09-09 14:49:54.000,Travis Comer
Burnett Brothers 5,12272553-004,0.160221,1970-01-01 00:00:00.000,2019-09-09 14:49:54.000,Travis Comer
CGU 7 1,12272581-002,0.160221,1970-01-01 00:00:00.000,2019-09-09 14:49:54.000,Travis Comer
CGU 15 1,12273461-002,0.160221,1970-01-01 00:00:00.000,2019-09-09 14:49:54.000,Travis Comer
CGU 15 2,12273670-000,0.160221,1970-01-01 00:00:00.000,2019-09-09 14:49:54.000,Travis Comer
CGU 14 3,12273672-000,0.160221,1970-01-01 00:00:00.000,2019-09-09 14:49:54.000,Travis Comer
CGU 14 2,12273673-003,0.160221,1970-01-01 00:00:00.000,2019-09-09 14:49:54.000,Travis Comer
Burnett Brothers 2 C,12273700-000,0.160221,1970-01-01 00:00:00.000,2019-09-09 14:49:54.000,Travis Comer
CGU 10 1 T,12273703-002,0.160221,1970-01-01 00:00:00.000,2019-09-09 14:49:54.000,Travis Comer
CGU 11 1,12273704-001,0.160221,1970-01-01 00:00:00.000,2019-09-09 14:49:54.000,Travis Comer
CGU 12 2,12273707-006,0.160221,1970-01-01 00:00:00.000,2019-09-09 14:49:54.000,Travis Comer
Hicks 1,12273709-000,0.1942807,1970-01-01 00:00:00.000,2019-09-09 14:49:54.000,Travis Comer
George Roberts 1 C,12273710-003,0.1942807,1970-01-01 00:00:00.000,2019-09-09 14:49:54.000,Travis Comer
CGU 6 A 1,12273761-002,0.160221,1970-01-01 00:00:00.000,2019-09-09 14:49:54.000,Travis Comer
Reed W M 1,12273923-000,0.1942807,1970-01-01 00:00:00.000,2019-09-09 14:49:54.000,Travis Comer
Soape 1,12273934-000,0.1942807,1970-01-01 00:00:00.000,2019-09-09 14:49:54.000,Travis Comer
Brewster J T 1,12273936-000,0.1942807,1970-01-01 00:00:00.000,2019-09-09 14:49:54.000,Travis Comer
Harrison 1 T,12273937-000,0.1942807,1970-01-01 00:00:00.000,2019-09-09 14:49:54.000,Travis Comer
Wiltcher 1 T,12273994-001,0.1942807,1970-01-01 00:00:00.000,2019-09-09 14:49:54.000,Travis Comer
Davis S L Unit 1,12274000-000,0.1942807,1970-01-01 00:00:00.000,2019-09-09 14:49:54.000,Travis Comer
CGU 11 3,12274228-000,0.160221,1970-01-01 00:00:00.000,2019-09-09 14:49:54.000,Travis Comer
Allison 2,12274229-000,0.1942807,1970-01-01 00:00:00.000,2019-09-09 14:49:54.000,Travis Comer
CGU 14 4,12274256-004,0.160221,1970-01-01 00:00:00.000,2019-09-09 14:49:54.000,Travis Comer
CGU 6 A 2,12274358-000,0.160221,1970-01-01 00:00:00.000,2019-09-09 14:49:54.000,Travis Comer
Brewster J T 3,12274362-000,0.1942807,1970-01-01 00:00:00.000,2019-09-09 14:49:54.000,Travis Comer
CGU 12 3,12274396-000,0.160221,1970-01-01 00:00:00.000,2019-09-09 14:49:54.000,Travis Comer
CGU 9 4,12274479-000,0.160221,1970-01-01 00:00:00.000,2019-09-09 14:49:54.000,Travis Comer
CGU 13 3,12274480-000,0.160221,1970-01-01 00:00:00.000,2019-09-09 14:49:54.000,Travis Comer
CGU 7 3,12274482-000,0.160221,1970-01-01 00:00:00.000,2019-09-09 14:49:54.000,Travis Comer
Brewster J T 4,12274517-001,0.1942807,1970-01-01 00:00:00.000,2019-09-09 14:49:54.000,Travis Comer
Allison 4,12274533-000,0.1942807,1970-01-01 00:00:00.000,2019-09-09 14:49:54.000,Travis Comer
CGU 14 5,12274537-000,0.160221,1970-01-01 00:00:00.000,2019-09-09 14:49:54.000,Travis Comer
CGU 7 4,12274650-000,0.160221,1970-01-01 00:00:00.000,2019-09-09 14:49:54.000,Travis Comer
Burnett Brothers 10,12274653-000,0.160221,1970-01-01 00:00:00.000,2019-09-09 14:49:54.000,Travis Comer
Burnett Brothers 12,12274655-003,0.160221,1970-01-01 00:00:00.000,2019-09-09 14:49:54.000,Travis Comer
Glaspie 3,12274662-000,0.1942807,1970-01-01 00:00:00.000,2019-09-09 14:49:54.000,Travis Comer
CGU 3 A 17,12274713-000,0.160221,1970-01-01 00:00:00.000,2019-09-09 14:49:54.000,Travis Comer
CGU 18 1,12274725-000,0.160221,1970-01-01 00:00:00.000,2019-09-09 14:49:54.000,Travis Comer
CGU 10 5,12274751-006,0.160221,1970-01-01 00:00:00.000,2019-09-09 14:49:54.000,Travis Comer
Wiltcher 2,12274784-003,0.1942807,1970-01-01 00:00:00.000,2019-09-09 14:49:54.000,Travis Comer
Soape 3,12274815-000,0.1942807,1970-01-01 00:00:00.000,2019-09-09 14:49:54.000,Travis Comer
CGU 13 5,12274833-000,0.160221,1970-01-01 00:00:00.000,2019-09-09 14:49:54.000,Travis Comer
Burnett Brothers 14,12274850-000,0.160221,1970-01-01 00:00:00.000,2019-09-09 14:49:54.000,Travis Comer
CGU 11 4,12274872-000,0.160221,1970-01-01 00:00:00.000,2019-09-09 14:49:54.000,Travis Comer
Burnett Brothers 15,12274930-005,0.160221,1970-01-01 00:00:00.000,2019-09-09 14:49:54.000,Travis Comer
Reed W M 2,12274931-000,0.1942807,1970-01-01 00:00:00.000,2019-09-09 14:49:54.000,Travis Comer
Wilcots 2,12274962-000,0.1942807,1970-01-01 00:00:00.000,2019-09-09 14:49:54.000,Travis Comer
CGU 12 4,12275051-001,0.160221,1970-01-01 00:00:00.000,2019-09-09 14:49:54.000,Travis Comer
Soape 4,12275114-000,0.1942807,1970-01-01 00:00:00.000,2019-09-09 14:49:54.000,Travis Comer
CGU 3 A 3,12275158-000,0.160221,1970-01-01 00:00:00.000,2019-09-09 14:49:54.000,Travis Comer
CGU 13 6,12275202-000,0.160221,1970-01-01 00:00:00.000,2019-09-09 14:49:54.000,Travis Comer
CGU 10 6,12275205-000,0.160221,1970-01-01 00:00:00.000,2019-09-09 14:49:54.000,Travis Comer
Harrison 4,12275227-000,0.1942807,1970-01-01 00:00:00.000,2019-09-09 14:49:54.000,Travis Comer
Brewster J T 5,12275229-000,0.1942807,1970-01-01 00:00:00.000,2019-09-09 14:49:54.000,Travis Comer
Allison 5,12275232-000,0.1942807,1970-01-01 00:00:00.000,2019-09-09 14:49:54.000,Travis Comer
Reed W M 3,12275233-000,0.1942807,1970-01-01 00:00:00.000,2019-09-09 14:49:54.000,Travis Comer
Boles 4,12275250-001,0.1942807,1970-01-01 00:00:00.000,2019-09-09 14:49:54.000,Travis Comer
Wilcots 3,12275257-000,0.1942807,1970-01-01 00:00:00.000,2019-09-09 14:49:54.000,Travis Comer
Davis S L Unit 3,12275266-000,0.1942807,1970-01-01 00:00:00.000,2019-09-09 14:49:54.000,Travis Comer
CGU 12 5,12275292-000,0.160221,1970-01-01 00:00:00.000,2019-09-09 14:49:54.000,Travis Comer
CGU 14 6,12275299-000,0.160221,1970-01-01 00:00:00.000,2019-09-09 14:49:54.000,Travis Comer
Soape 5,12275408-000,0.1942807,1970-01-01 00:00:00.000,2019-09-09 14:49:54.000,Travis Comer
Soape 6,12275409-003,0.1942807,1970-01-01 00:00:00.000,2019-09-09 14:49:54.000,Travis Comer
Hicks 6,12275412-000,0.1942807,1970-01-01 00:00:00.000,2019-09-09 14:49:54.000,Travis Comer
CGU 18 2,12275438-000,0.160221,1970-01-01 00:00:00.000,2019-09-09 14:49:54.000,Travis Comer
Hicks 5 T,12275439-000,0.1942807,1970-01-01 00:00:00.000,2019-09-09 14:49:54.000,Travis Comer
Hicks 5 C,12275439-002,0.1942807,1970-01-01 00:00:00.000,2019-09-09 14:49:54.000,Travis Comer
Allison 6,12275447-000,0.1942807,1970-01-01 00:00:00.000,2019-09-09 14:49:54.000,Travis Comer
Allison 7,12275448-000,0.1942807,1970-01-01 00:00:00.000,2019-09-09 14:49:54.000,Travis Comer
Brown Herman 5 L,12275449-000,0.1942807,1970-01-01 00:00:00.000,2019-09-09 14:49:54.000,Travis Comer
Brown Herman 5 U,12275449-003,0.1942807,1970-01-01 00:00:00.000,2019-09-09 14:49:54.000,Travis Comer
CGU 15 6,12275451-000,0.160221,1970-01-01 00:00:00.000,2019-09-09 14:49:54.000,Travis Comer
Reed W M 4,12275470-000,0.1942807,1970-01-01 00:00:00.000,2019-09-09 14:49:54.000,Travis Comer
Reed W M 5,12275471-000,0.1942807,1970-01-01 00:00:00.000,2019-09-09 14:49:54.000,Travis Comer
Brown Herman 4,12275483-000,0.1942807,1970-01-01 00:00:00.000,2019-09-09 14:49:54.000,Travis Comer
Davis S L Unit 5,12275490-000,0.1942807,1970-01-01 00:00:00.000,2019-09-09 14:49:54.000,Travis Comer
CGU 6 A 3,12275539-000,0.160221,1970-01-01 00:00:00.000,2019-09-09 14:49:54.000,Travis Comer
CGU 7 5,12275540-000,0.160221,1970-01-01 00:00:00.000,2019-09-09 14:49:54.000,Travis Comer
Burnett Brothers 20,12275541-003,0.160221,1970-01-01 00:00:00.000,2019-09-09 14:49:54.000,Travis Comer
Burnett Brothers 19,12275542-000,0.160221,1970-01-01 00:00:00.000,2019-09-09 14:49:54.000,Travis Comer
Burnett Brothers 18,12275543-000,0.160221,1970-01-01 00:00:00.000,2019-09-09 14:49:54.000,Travis Comer
Boles 5,12275622-003,0.1942807,1970-01-01 00:00:00.000,2019-09-09 14:49:54.000,Travis Comer
Harrison 5,12275623-000,0.1942807,1970-01-01 00:00:00.000,2019-09-09 14:49:54.000,Travis Comer
Soape 7,12275643-000,0.1942807,1970-01-01 00:00:00.000,2019-09-09 14:49:54.000,Travis Comer
Brewster J T 8,12275646-000,0.1942807,1970-01-01 00:00:00.000,2019-09-09 14:49:54.000,Travis Comer
Harrison 6,12275647-000,0.1942807,1970-01-01 00:00:00.000,2019-09-09 14:49:54.000,Travis Comer
Hicks 7,12275648-000,0.1942807,1970-01-01 00:00:00.000,2019-09-09 14:49:54.000,Travis Comer
CGU 3 A 4,12275668-000,0.160221,1970-01-01 00:00:00.000,2019-09-09 14:49:54.000,Travis Comer
Davis S L Unit 6,12275671-000,0.1942807,1970-01-01 00:00:00.000,2019-09-09 14:49:54.000,Travis Comer
Hicks 8,12275681-002,0.1942807,1970-01-01 00:00:00.000,2019-09-09 14:49:54.000,Travis Comer
Brewster J T 10,12275704-000,0.1942807,1970-01-01 00:00:00.000,2019-09-09 14:49:54.000,Travis Comer
Brown Herman 6,12275707-000,0.1942807,1970-01-01 00:00:00.000,2019-09-09 14:49:54.000,Travis Comer
Harrison 7,12275708-000,0.1942807,1970-01-01 00:00:00.000,2019-09-09 14:49:54.000,Travis Comer
Harrison 8,12275711-001,0.1942807,1970-01-01 00:00:00.000,2019-09-09 14:49:54.000,Travis Comer
Brown Herman 7,12275712-003,0.1942807,1970-01-01 00:00:00.000,2019-09-09 14:49:54.000,Travis Comer
Boles 7,12275713-000,0.1942807,1970-01-01 00:00:00.000,2019-09-09 14:49:54.000,Travis Comer
Reed W M 6,12275749-000,0.1942807,1970-01-01 00:00:00.000,2019-09-09 14:49:54.000,Travis Comer
CGU 3 A 5,12275761-000,0.160221,1970-01-01 00:00:00.000,2019-09-09 14:49:54.000,Travis Comer
West Clayton 1,12275764-000,0.1942807,1970-01-01 00:00:00.000,2019-09-09 14:49:54.000,Travis Comer
CGU 6 A 4,12275780-000,0.160221,1970-01-01 00:00:00.000,2019-09-09 14:49:54.000,Travis Comer
Hicks 9,12275783-000,0.1942807,1970-01-01 00:00:00.000,2019-09-09 14:49:54.000,Travis Comer
Soape 8,12275788-003,0.1942807,1970-01-01 00:00:00.000,2019-09-09 14:49:54.000,Travis Comer
CGU 13 7,12275832-000,0.160221,1970-01-01 00:00:00.000,2019-09-09 14:49:54.000,Travis Comer
CGU 12 6,12275833-000,0.160221,1970-01-01 00:00:00.000,2019-09-09 14:49:54.000,Travis Comer
Davis S L Unit 7,12275835-000,0.1942807,1970-01-01 00:00:00.000,2019-09-09 14:49:54.000,Travis Comer
Burnett Brothers 23,12275858-003,0.160221,1970-01-01 00:00:00.000,2019-09-09 14:49:54.000,Travis Comer
CGU 18 3,12275858-004,0.160221,1970-01-01 00:00:00.000,2019-09-09 14:49:54.000,Travis Comer
CGU 10 7,12275869-000,0.160221,1970-01-01 00:00:00.000,2019-09-09 14:49:54.000,Travis Comer
Burnett Brothers 22,12275886-005,0.160221,1970-01-01 00:00:00.000,2019-09-09 14:49:54.000,Travis Comer
Burnett Brothers 21 U,12275887-000,0.160221,1970-01-01 00:00:00.000,2019-09-09 14:49:54.000,Travis Comer
Burnett Brothers 21 L,12275887-003,0.160221,1970-01-01 00:00:00.000,2019-09-09 14:49:54.000,Travis Comer
CGU 10 8 L,12275921-000,0.160221,1970-01-01 00:00:00.000,2019-09-09 14:49:54.000,Travis Comer
CGU 10 8 U,12275921-002,0.160221,1970-01-01 00:00:00.000,2019-09-09 14:49:54.000,Travis Comer
Burnett Brothers 25 L,12275922-000,0.160221,1970-01-01 00:00:00.000,2019-09-09 14:49:54.000,Travis Comer
Burnett Brothers 25 U,12275922-004,0.160221,1970-01-01 00:00:00.000,2019-09-09 14:49:54.000,Travis Comer
CGU 14 7 L,12275924-000,0.160221,1970-01-01 00:00:00.000,2019-09-09 14:49:54.000,Travis Comer
CGU 14 7 U,12275924-002,0.160221,1970-01-01 00:00:00.000,2019-09-09 14:49:54.000,Travis Comer
CGU 12 7,12275925-005,0.160221,1970-01-01 00:00:00.000,2019-09-09 14:49:54.000,Travis Comer
CGU 11 7,12275927-000,0.160221,1970-01-01 00:00:00.000,2019-09-09 14:49:54.000,Travis Comer
Burnett Brothers 24,12275928-000,0.160221,1970-01-01 00:00:00.000,2019-09-09 14:49:54.000,Travis Comer
CGU 18 4,12275929-000,0.160221,1970-01-01 00:00:00.000,2019-09-09 14:49:54.000,Travis Comer
Burnett Brothers 1 27,12275929-002,0.160221,1970-01-01 00:00:00.000,2019-09-09 14:49:54.000,Travis Comer
CGU 9 7,12275930-000,0.160221,1970-01-01 00:00:00.000,2019-09-09 14:49:54.000,Travis Comer
CGU 13 8,12275931-000,0.160221,1970-01-01 00:00:00.000,2019-09-09 14:49:54.000,Travis Comer
CGU 11 6 L,12275932-000,0.160221,1970-01-01 00:00:00.000,2019-09-09 14:49:54.000,Travis Comer
CGU 11 6 U,12275932-004,0.160221,1970-01-01 00:00:00.000,2019-09-09 14:49:54.000,Travis Comer
Burnett Brothers 26 U,12275984-003,0.160221,1970-01-01 00:00:00.000,2019-09-09 14:49:54.000,Travis Comer
CGU 7 6 L,12276003-000,0.160221,1970-01-01 00:00:00.000,2019-09-09 14:49:54.000,Travis Comer
CGU 7 6 U,12276003-003,0.160221,1970-01-01 00:00:00.000,2019-09-09 14:49:54.000,Travis Comer
CGU 15 8,12276013-000,0.160221,1970-01-01 00:00:00.000,2019-09-09 14:49:54.000,Travis Comer
Hicks 10,12276046-001,0.1942807,1970-01-01 00:00:00.000,2019-09-09 14:49:54.000,Travis Comer
Allison 8,12276047-000,0.1942807,1970-01-01 00:00:00.000,2019-09-09 14:49:54.000,Travis Comer
CGU 3 A 6,12276059-000,0.160221,1970-01-01 00:00:00.000,2019-09-09 14:49:54.000,Travis Comer
CGU 6 A 5,12276068-000,0.160221,1970-01-01 00:00:00.000,2019-09-09 14:49:54.000,Travis Comer
Allison 11 U,12276073-001,0.1942807,1970-01-01 00:00:00.000,2019-09-09 14:49:54.000,Travis Comer
Allison 11 L,12276073-002,0.1942807,1970-01-01 00:00:00.000,2019-09-09 14:49:54.000,Travis Comer
Allison 9,12276074-000,0.1942807,1970-01-01 00:00:00.000,2019-09-09 14:49:54.000,Travis Comer
Allison 10,12276075-000,0.1942807,1970-01-01 00:00:00.000,2019-09-09 14:49:54.000,Travis Comer
CGU 12 8,12276141-005,0.160221,1970-01-01 00:00:00.000,2019-09-09 14:49:54.000,Travis Comer
Brewster J T 12 L,12276315-000,0.1942807,1970-01-01 00:00:00.000,2019-09-09 14:49:54.000,Travis Comer
Brewster J T 12 U,12276315-001,0.1942807,1970-01-01 00:00:00.000,2019-09-09 14:49:54.000,Travis Comer
Brewster J T 11,12276316-000,0.1942807,1970-01-01 00:00:00.000,2019-09-09 14:49:54.000,Travis Comer
CGU 11 8,12276350-000,0.160221,1970-01-01 00:00:00.000,2019-09-09 14:49:54.000,Travis Comer
CGU 3 A 7,12276362-000,0.160221,1970-01-01 00:00:00.000,2019-09-09 14:49:54.000,Travis Comer
Brewster J T 13,12276403-000,0.1942807,1970-01-01 00:00:00.000,2019-09-09 14:49:54.000,Travis Comer
Hicks 11,12276416-000,0.1942807,1970-01-01 00:00:00.000,2019-09-09 14:49:54.000,Travis Comer
Soape 9,12276425-000,0.1942807,1970-01-01 00:00:00.000,2019-09-09 14:49:54.000,Travis Comer
Brown Herman 8,12276438-000,0.1942807,1970-01-01 00:00:00.000,2019-09-09 14:49:54.000,Travis Comer
CGU 3 A 8,12276446-000,0.160221,1970-01-01 00:00:00.000,2019-09-09 14:49:54.000,Travis Comer
Allison 12,12276458-000,0.1942807,1970-01-01 00:00:00.000,2019-09-09 14:49:54.000,Travis Comer
CGU 3 A 9,12276463-000,0.160221,1970-01-01 00:00:00.000,2019-09-09 14:49:54.000,Travis Comer
CGU 15 9,12276481-000,0.160221,1970-01-01 00:00:00.000,2019-09-09 14:49:54.000,Travis Comer
Brown Herman 9,12276491-000,0.1942807,1970-01-01 00:00:00.000,2019-09-09 14:49:54.000,Travis Comer
Hicks 12,12276531-000,0.1942807,1970-01-01 00:00:00.000,2019-09-09 14:49:54.000,Travis Comer
Brown Herman 10,12276557-000,0.1942807,1970-01-01 00:00:00.000,2019-09-09 14:49:54.000,Travis Comer
Soape 10,12276574-003,0.1942807,1970-01-01 00:00:00.000,2019-09-09 14:49:54.000,Travis Comer
Soape 11,12276616-000,0.1942807,1970-01-01 00:00:00.000,2019-09-09 14:49:54.000,Travis Comer
Glaspie 6,12276631-000,0.1942807,1970-01-01 00:00:00.000,2019-09-09 14:49:54.000,Travis Comer
Allison 14,12276639-000,0.1942807,1970-01-01 00:00:00.000,2019-09-09 14:49:54.000,Travis Comer
Wiltcher 6 H,12276754-000,0.1942807,1970-01-01 00:00:00.000,2019-09-09 14:49:54.000,Travis Comer
Hicks 14,12276830-000,0.1942807,1970-01-01 00:00:00.000,2019-09-09 14:49:54.000,Travis Comer
Davis S L Unit 8,12276849-000,0.1942807,1970-01-01 00:00:00.000,2019-09-09 14:49:54.000,Travis Comer
Reed W M 8,12276873-000,0.1942807,1970-01-01 00:00:00.000,2019-09-09 14:49:54.000,Travis Comer
Brewster J T 14 L,12276881-001,0.1942807,1970-01-01 00:00:00.000,2019-09-09 14:49:54.000,Travis Comer
Brewster J T 14 U,12276881-002,0.1942807,1970-01-01 00:00:00.000,2019-09-09 14:49:54.000,Travis Comer
Hicks 15,12276899-000,0.1942807,1970-01-01 00:00:00.000,2019-09-09 14:49:54.000,Travis Comer
CGU 9 10,12276976-000,0.160221,1970-01-01 00:00:00.000,2019-09-09 14:49:54.000,Travis Comer
CGU 13 10 L,12276997-000,0.160221,1970-01-01 00:00:00.000,2019-09-09 14:49:54.000,Travis Comer
CGU 13 10 U,12276997-002,0.160221,1970-01-01 00:00:00.000,2019-09-09 14:49:54.000,Travis Comer
CGU 13 12,12276999-000,0.160221,1970-01-01 00:00:00.000,2019-09-09 14:49:54.000,Travis Comer
CGU 12 11,12277016-005,0.160221,1970-01-01 00:00:00.000,2019-09-09 14:49:54.000,Travis Comer
Burnett Brothers 6 T,12284639-000,0.160221,1970-01-01 00:00:00.000,2019-09-09 14:49:54.000,Travis Comer
Soape 12,12287816-000,0.1942807,1970-01-01 00:00:00.000,2019-09-09 14:49:54.000,Travis Comer
CGU 15 10,12342947-000,0.160221,1970-01-01 00:00:00.000,2019-09-09 14:49:54.000,Travis Comer
Burnett Brothers 29,12342951-000,0.160221,1970-01-01 00:00:00.000,2019-09-09 14:49:54.000,Travis Comer
CGU 13 13,12342953-000,0.160221,1970-01-01 00:00:00.000,2019-09-09 14:49:54.000,Travis Comer
Brewster J T 2,12343196-000,0.1942807,1970-01-01 00:00:00.000,2019-09-09 14:49:54.000,Travis Comer
CGU 3 A 2,12343199-000,0.160221,1970-01-01 00:00:00.000,2019-09-09 14:49:54.000,Travis Comer
CGU 11 5,12345324-005,0.160221,1970-01-01 00:00:00.000,2019-09-09 14:49:54.000,Travis Comer
CGU 14 8 L,12345361-000,0.160221,1970-01-01 00:00:00.000,2019-09-09 14:49:54.000,Travis Comer
CGU 14 8 U,12345361-003,0.160221,1970-01-01 00:00:00.000,2019-09-09 14:49:54.000,Travis Comer
Glaspie 4,12346028-000,0.1942807,1970-01-01 00:00:00.000,2019-09-09 14:49:54.000,Travis Comer
CGU 14 10 L,12346240-000,0.160221,1970-01-01 00:00:00.000,2019-09-09 14:49:54.000,Travis Comer
CGU 14 10 U,12346240-002,0.160221,1970-01-01 00:00:00.000,2019-09-09 14:49:54.000,Travis Comer
CGU 11 9,12346241-001,0.160221,1970-01-01 00:00:00.000,2019-09-09 14:49:54.000,Travis Comer
Glaspie 5,12346242-000,0.1942807,1970-01-01 00:00:00.000,2019-09-09 14:49:54.000,Travis Comer
Hicks 16,12346243-000,0.1942807,1970-01-01 00:00:00.000,2019-09-09 14:49:54.000,Travis Comer
Davis S L Unit 4,12349477-000,0.1942807,1970-01-01 00:00:00.000,2019-09-09 14:49:54.000,Travis Comer
Hicks 20,12349771-000,0.1942807,1970-01-01 00:00:00.000,2019-09-09 14:49:54.000,Travis Comer
CGU 14 12,12350091-003,0.160221,1970-01-01 00:00:00.000,2019-09-09 14:49:54.000,Travis Comer
Hicks 19,12350297-000,0.1942807,1970-01-01 00:00:00.000,2019-09-09 14:49:54.000,Travis Comer
CGU 9 5,12357475-005,0.160221,1970-01-01 00:00:00.000,2019-09-09 14:49:54.000,Travis Comer
Burnett Brothers 31,12357485-000,0.160221,1970-01-01 00:00:00.000,2019-09-09 14:49:54.000,Travis Comer
CGU 10 12,12358076-000,0.160221,1970-01-01 00:00:00.000,2019-09-09 14:49:54.000,Travis Comer
CGU 12 9 L,12358111-000,0.160221,1970-01-01 00:00:00.000,2019-09-09 14:49:54.000,Travis Comer
CGU 12 9 U,12358111-003,0.160221,1970-01-01 00:00:00.000,2019-09-09 14:49:54.000,Travis Comer
CGU 12 13,12359296-000,0.160221,1970-01-01 00:00:00.000,2019-09-09 14:49:54.000,Travis Comer
Brown Herman 3,12359681-004,0.1942807,1970-01-01 00:00:00.000,2019-09-09 14:49:54.000,Travis Comer
CGU 13 11,12359788-003,0.160221,1970-01-01 00:00:00.000,2019-09-09 14:49:54.000,Travis Comer
CGU 18 5,12359934-000,0.160221,1970-01-01 00:00:00.000,2019-09-09 14:49:54.000,Travis Comer
Burnett Brothers 34,12359934-004,0.160221,1970-01-01 00:00:00.000,2019-09-09 14:49:54.000,Travis Comer
CGU 9 8 L,12359988-000,0.160221,1970-01-01 00:00:00.000,2019-09-09 14:49:54.000,Travis Comer
CGU 9 8 U,12359988-003,0.160221,1970-01-01 00:00:00.000,2019-09-09 14:49:54.000,Travis Comer
CGU 14 9 L,12360003-000,0.160221,1970-01-01 00:00:00.000,2019-09-09 14:49:54.000,Travis Comer
CGU 14 9 U,12360003-003,0.160221,1970-01-01 00:00:00.000,2019-09-09 14:49:54.000,Travis Comer
Brown Herman 2,12360077-000,0.1942807,1970-01-01 00:00:00.000,2019-09-09 14:49:54.000,Travis Comer
CGU 15 13 L,12360469-000,0.160221,1970-01-01 00:00:00.000,2019-09-09 14:49:54.000,Travis Comer
CGU 15 13 U,12360469-002,0.160221,1970-01-01 00:00:00.000,2019-09-09 14:49:54.000,Travis Comer
CGU 3 A 10,12360782-000,0.160221,1970-01-01 00:00:00.000,2019-09-09 14:49:54.000,Travis Comer
CGU 10 11,12361214-004,0.160221,1970-01-01 00:00:00.000,2019-09-09 14:49:54.000,Travis Comer
CGU 12 10,12361495-002,0.160221,1970-01-01 00:00:00.000,2019-09-09 14:49:54.000,Travis Comer
CGU 10 9 L,12361661-000,0.160221,1970-01-01 00:00:00.000,2019-09-09 14:49:54.000,Travis Comer
CGU 10 9 U,12361661-002,0.160221,1970-01-01 00:00:00.000,2019-09-09 14:49:54.000,Travis Comer
CGU 11 10 L,12361853-000,0.160221,1970-01-01 00:00:00.000,2019-09-09 14:49:54.000,Travis Comer
CGU 11 10 U,12361853-004,0.160221,1970-01-01 00:00:00.000,2019-09-09 14:49:54.000,Travis Comer
Hicks 17,12361883-000,0.1942807,1970-01-01 00:00:00.000,2019-09-09 14:49:54.000,Travis Comer
CGU 11 11,12361887-000,0.160221,1970-01-01 00:00:00.000,2019-09-09 14:49:54.000,Travis Comer
CGU 14 11,12362002-000,0.160221,1970-01-01 00:00:00.000,2019-09-09 14:49:54.000,Travis Comer
CGU 12 12 U,12362006-000,0.160221,1970-01-01 00:00:00.000,2019-09-09 14:49:54.000,Travis Comer
CGU 12 12 L,12362006-003,0.160221,1970-01-01 00:00:00.000,2019-09-09 14:49:54.000,Travis Comer
CGU 9 9 L,12362191-000,0.160221,1970-01-01 00:00:00.000,2019-09-09 14:49:54.000,Travis Comer
CGU 9 9 U,12362191-003,0.160221,1970-01-01 00:00:00.000,2019-09-09 14:49:54.000,Travis Comer
Brown Herman 11,12362193-000,0.1942807,1970-01-01 00:00:00.000,2019-09-09 14:49:54.000,Travis Comer
Hicks 22,12363198-000,0.1942807,1970-01-01 00:00:00.000,2019-09-09 14:49:54.000,Travis Comer
Soape 13,12364155-002,0.1942807,1970-01-01 00:00:00.000,2019-09-09 14:49:54.000,Travis Comer
Hicks 23,12364159-000,0.1942807,1970-01-01 00:00:00.000,2019-09-09 14:49:54.000,Travis Comer
Allison 15,12364505-000,0.1942807,1970-01-01 00:00:00.000,2019-09-09 14:49:54.000,Travis Comer
Glaspie 9,12364814-000,0.1942807,1970-01-01 00:00:00.000,2019-09-09 14:49:54.000,Travis Comer
Brewster J T 6,12365099-001,0.1942807,1970-01-01 00:00:00.000,2019-09-09 14:49:54.000,Travis Comer
CGU 6 A 6,12367485-000,0.160221,1970-01-01 00:00:00.000,2019-09-09 14:49:54.000,Travis Comer
CGU 6 A 8,12369311-000,0.160221,1970-01-01 00:00:00.000,2019-09-09 14:49:54.000,Travis Comer
CGU 3 A 11,12372925-000,0.160221,1970-01-01 00:00:00.000,2019-09-09 14:49:54.000,Travis Comer
CGU 3 A 12,12372926-000,0.160221,1970-01-01 00:00:00.000,2019-09-09 14:49:54.000,Travis Comer
CGU 3 A 13,12372927-000,0.160221,1970-01-01 00:00:00.000,2019-09-09 14:49:54.000,Travis Comer
CGU 3 A 14,12372928-000,0.160221,1970-01-01 00:00:00.000,2019-09-09 14:49:54.000,Travis Comer
CGU 6 A 9,12373135-000,0.160221,1970-01-01 00:00:00.000,2019-09-09 14:49:54.000,Travis Comer
CGU 18 6,12373271-000,0.160221,1970-01-01 00:00:00.000,2019-09-09 14:49:54.000,Travis Comer
CGU 6 A 7,12373663-000,0.160221,1970-01-01 00:00:00.000,2019-09-09 14:49:54.000,Travis Comer
CGU 12 14,12374247-000,0.160221,1970-01-01 00:00:00.000,2019-09-09 14:49:54.000,Travis Comer
CGU 15 14,12374369-000,0.160221,1970-01-01 00:00:00.000,2019-09-09 14:49:54.000,Travis Comer
Burnett Brothers 35,12374472-003,0.160221,1970-01-01 00:00:00.000,2019-09-09 14:49:54.000,Travis Comer
Burnett Brothers 37,12374667-000,0.160221,1970-01-01 00:00:00.000,2019-09-09 14:49:54.000,Travis Comer
CGU 6 A 10,12374931-000,0.160221,1970-01-01 00:00:00.000,2019-09-09 14:49:54.000,Travis Comer
CGU 6 A 11,12374932-000,0.160221,1970-01-01 00:00:00.000,2019-09-09 14:49:54.000,Travis Comer
CGU 15 15,12375087-000,0.160221,1970-01-01 00:00:00.000,2019-09-09 14:49:54.000,Travis Comer
Burnett Brothers 32,12375128-000,0.160221,1970-01-01 00:00:00.000,2019-09-09 14:49:54.000,Travis Comer
Burnett Brothers 38,12375387-003,0.160221,1970-01-01 00:00:00.000,2019-09-09 14:49:54.000,Travis Comer
Burnett Brothers 30,12375734-000,0.160221,1970-01-01 00:00:00.000,2019-09-09 14:49:54.000,Travis Comer
CGU 3 A 15,12376010-000,0.160221,1970-01-01 00:00:00.000,2019-09-09 14:49:54.000,Travis Comer
CGU 3 A 16,12376011-000,0.160221,1970-01-01 00:00:00.000,2019-09-09 14:49:54.000,Travis Comer
Glaspie 8,12376072-000,0.1942807,1970-01-01 00:00:00.000,2019-09-09 14:49:54.000,Travis Comer
Burnett Brothers 39,12376986-000,0.160221,1970-01-01 00:00:00.000,2019-09-09 14:49:54.000,Travis Comer
CGU 9 11,12377013-000,0.160221,1970-01-01 00:00:00.000,2019-09-09 14:49:54.000,Travis Comer
Watson 1,12445892-000,0.1359825,1970-01-01 00:00:00.000,2019-09-09 14:49:54.000,Travis Comer
Hair 1,12445946-000,0.1359825,1970-01-01 00:00:00.000,2019-09-09 14:49:54.000,Travis Comer
Kinsey 1,12445987-000,0.1359825,1970-01-01 00:00:00.000,2019-09-09 14:49:54.000,Travis Comer
Jenkins 1,12446001-000,0.1359825,1970-01-01 00:00:00.000,2019-09-09 14:49:54.000,Travis Comer
Beckworth 1,12446003-000,0.1359825,1970-01-01 00:00:00.000,2019-09-09 14:49:54.000,Travis Comer
Kangerga B 1,12446011-000,0.1359825,1970-01-01 00:00:00.000,2019-09-09 14:49:54.000,Travis Comer
Cullers 1,12446071-000,0.1359825,1970-01-01 00:00:00.000,2019-09-09 14:49:54.000,Travis Comer
Grant 1,12446110-000,0.1359825,1970-01-01 00:00:00.000,2019-09-09 14:49:54.000,Travis Comer
Golden 1,12446249-000,0.1359825,1970-01-01 00:00:00.000,2019-09-09 14:49:54.000,Travis Comer
Fitzgerald 1,12446367-000,0.1359825,1970-01-01 00:00:00.000,2019-09-09 14:49:54.000,Travis Comer
B N Rogers 1 L,12446466-000,0.1359825,1970-01-01 00:00:00.000,2019-09-09 14:49:54.000,Travis Comer
B N Rogers 1 U,12446541-001,0.1359825,1970-01-01 00:00:00.000,2019-09-09 14:49:54.000,Travis Comer
Golden 2,12446559-000,0.1359825,1970-01-01 00:00:00.000,2019-09-09 14:49:54.000,Travis Comer
Iona Armstrong 1,12446588-000,0.1359825,1970-01-01 00:00:00.000,2019-09-09 14:49:54.000,Travis Comer
Vinson 2,12446615-000,0.1359825,1970-01-01 00:00:00.000,2019-09-09 14:49:54.000,Travis Comer
B N Rogers 3,12446936-000,0.1359825,1970-01-01 00:00:00.000,2019-09-09 14:49:54.000,Travis Comer
Kangerga D 1,12446968-000,0.1359825,1970-01-01 00:00:00.000,2019-09-09 14:49:54.000,Travis Comer
Garrett Collie 1,12446981-000,0.1359825,1970-01-01 00:00:00.000,2019-09-09 14:49:54.000,Travis Comer
Akins Reeves 3,12447050-000,0.1733621,1970-01-01 00:00:00.000,2019-09-09 14:49:54.000,Travis Comer
Akins Reeves 2,12447051-000,0.1733621,1970-01-01 00:00:00.000,2019-09-09 14:49:54.000,Travis Comer
Bassett 2,12447181-000,0.1359825,1970-01-01 00:00:00.000,2019-09-09 14:49:54.000,Travis Comer
B N Rogers 4,12447193-000,0.1359825,1970-01-01 00:00:00.000,2019-09-09 14:49:54.000,Travis Comer
Iona Armstrong 2,12447201-000,0.1359825,1970-01-01 00:00:00.000,2019-09-09 14:49:54.000,Travis Comer
Holtzclaw 1,12447208-000,0.1359825,1970-01-01 00:00:00.000,2019-09-09 14:49:54.000,Travis Comer
Driver 1,12447209-000,0.1359825,1970-01-01 00:00:00.000,2019-09-09 14:49:54.000,Travis Comer
Menefee Heirs 1,12447248-000,0.1359825,1970-01-01 00:00:00.000,2019-09-09 14:49:54.000,Travis Comer
B N Rogers 5,12447250-000,0.1359825,1970-01-01 00:00:00.000,2019-09-09 14:49:54.000,Travis Comer
Bassett 3,12447253-000,0.1359825,1970-01-01 00:00:00.000,2019-09-09 14:49:54.000,Travis Comer
Kinsey 2,12447287-000,0.1359825,1970-01-01 00:00:00.000,2019-09-09 14:49:54.000,Travis Comer
Hair 2,12447291-000,0.1359825,1970-01-01 00:00:00.000,2019-09-09 14:49:54.000,Travis Comer
Grant 2,12447294-000,0.1359825,1970-01-01 00:00:00.000,2019-09-09 14:49:54.000,Travis Comer
Bassett 4,12447295-000,0.1359825,1970-01-01 00:00:00.000,2019-09-09 14:49:54.000,Travis Comer
Kangerga B 2,12447299-000,0.1359825,1970-01-01 00:00:00.000,2019-09-09 14:49:54.000,Travis Comer
Cullers 2,12447301-000,0.1359825,1970-01-01 00:00:00.000,2019-09-09 14:49:54.000,Travis Comer
Golden 3,12447306-000,0.1359825,1970-01-01 00:00:00.000,2019-09-09 14:49:54.000,Travis Comer
Beckworth 3,12447308-000,0.1359825,1970-01-01 00:00:00.000,2019-09-09 14:49:54.000,Travis Comer
Watson 2,12447312-000,0.1359825,1970-01-01 00:00:00.000,2019-09-09 14:49:54.000,Travis Comer
Watson 3,12447313-000,0.1359825,1970-01-01 00:00:00.000,2019-09-09 14:49:54.000,Travis Comer
Hair 4,12447316-000,0.1359825,1970-01-01 00:00:00.000,2019-09-09 14:49:54.000,Travis Comer
Hair 3,12447317-000,0.1359825,1970-01-01 00:00:00.000,2019-09-09 14:49:54.000,Travis Comer
Kangerga B 4,12447319-000,0.1359825,1970-01-01 00:00:00.000,2019-09-09 14:49:54.000,Travis Comer
Kangerga B 3,12447320-000,0.1359825,1970-01-01 00:00:00.000,2019-09-09 14:49:54.000,Travis Comer
Cullers 3,12447321-000,0.1359825,1970-01-01 00:00:00.000,2019-09-09 14:49:54.000,Travis Comer
Kangerga D 2,12447324-000,0.1359825,1970-01-01 00:00:00.000,2019-09-09 14:49:54.000,Travis Comer
Holtzclaw 2,12447333-000,0.1359825,1970-01-01 00:00:00.000,2019-09-09 14:49:54.000,Travis Comer
Jenkins 4,12447467-000,0.1359825,1970-01-01 00:00:00.000,2019-09-09 14:49:54.000,Travis Comer
Garrett Collie 2,12447472-003,0.1359825,1970-01-01 00:00:00.000,2019-09-09 14:49:54.000,Travis Comer
Bassett 5,12447476-000,0.1359825,1970-01-01 00:00:00.000,2019-09-09 14:49:54.000,Travis Comer
Iona Armstrong 3,12447482-000,0.1359825,1970-01-01 00:00:00.000,2019-09-09 14:49:54.000,Travis Comer
Menefee Heirs 2,12447508-000,0.1359825,1970-01-01 00:00:00.000,2019-09-09 14:49:54.000,Travis Comer
Holtzclaw 3,12447509-001,0.1359825,1970-01-01 00:00:00.000,2019-09-09 14:49:54.000,Travis Comer
Akins Reeves 5,12447638-000,0.1733621,1970-01-01 00:00:00.000,2019-09-09 14:49:54.000,Travis Comer
Holtzclaw 4,12447646-000,0.1359825,1970-01-01 00:00:00.000,2019-09-09 14:49:54.000,Travis Comer
Brawley 1,12468475-000,0.1510776,1970-01-01 00:00:00.000,2019-09-09 14:49:54.000,Travis Comer
Nicholson 1,12468557-000,0.1510776,1970-01-01 00:00:00.000,2019-09-09 14:49:54.000,Travis Comer
Vida Smart 2,12468580-001,0.1510776,1970-01-01 00:00:00.000,2019-09-09 14:49:54.000,Travis Comer
Medlin 1,12468665-000,0.1510776,1970-01-01 00:00:00.000,2019-09-09 14:49:54.000,Travis Comer
George Joseph 1,12468671-000,0.1510776,1970-01-01 00:00:00.000,2019-09-09 14:49:54.000,Travis Comer
Obyrne Heirs 1,12468679-000,0.1510776,1970-01-01 00:00:00.000,2019-09-09 14:49:54.000,Travis Comer
Mason 1,12468690-000,0.1510776,1970-01-01 00:00:00.000,2019-09-09 14:49:54.000,Travis Comer
Medlin 2,12468691-000,0.1510776,1970-01-01 00:00:00.000,2019-09-09 14:49:54.000,Travis Comer
Lena Hiatt 2,12468693-000,0.1510776,1970-01-01 00:00:00.000,2019-09-09 14:49:54.000,Travis Comer
Lena Hiatt 3,12468699-000,0.1510776,1970-01-01 00:00:00.000,2019-09-09 14:49:54.000,Travis Comer
Roberts 2,12468701-000,0.1510776,1970-01-01 00:00:00.000,2019-09-09 14:49:54.000,Travis Comer
Roberts 3,12468702-000,0.1510776,1970-01-01 00:00:00.000,2019-09-09 14:49:54.000,Travis Comer
Roberts 4,12468703-000,0.1510776,1970-01-01 00:00:00.000,2019-09-09 14:49:54.000,Travis Comer
Medlin 3,12468709-000,0.1510776,1970-01-01 00:00:00.000,2019-09-09 14:49:54.000,Travis Comer
Dixon A 4,12468710-000,0.1510776,1970-01-01 00:00:00.000,2019-09-09 14:49:54.000,Travis Comer
Vida Smart 1 A,12468713-000,0.1510776,1970-01-01 00:00:00.000,2019-09-09 14:49:54.000,Travis Comer
Vida Smart 3,12468714-000,0.1510776,1970-01-01 00:00:00.000,2019-09-09 14:49:54.000,Travis Comer
Shelton Estate 2,12468718-000,0.1510776,1970-01-01 00:00:00.000,2019-09-09 14:49:54.000,Travis Comer
Shelton Estate 1,12468719-000,0.1510776,1970-01-01 00:00:00.000,2019-09-09 14:49:54.000,Travis Comer
Vida Smart 6,12468720-000,0.1510776,1970-01-01 00:00:00.000,2019-09-09 14:49:54.000,Travis Comer
Vida Smart 5,12468721-000,0.1510776,1970-01-01 00:00:00.000,2019-09-09 14:49:54.000,Travis Comer
Obyrne Heirs 4,12468722-000,0.1510776,1970-01-01 00:00:00.000,2019-09-09 14:49:54.000,Travis Comer
Obyrne Heirs 2,12468723-000,0.1510776,1970-01-01 00:00:00.000,2019-09-09 14:49:54.000,Travis Comer
Vida Smart 4,12468726-000,0.1510776,1970-01-01 00:00:00.000,2019-09-09 14:49:54.000,Travis Comer
Nicholson 2,12468727-000,0.1510776,1970-01-01 00:00:00.000,2019-09-09 14:49:54.000,Travis Comer
South Brawley 2,12468731-000,0.1510776,1970-01-01 00:00:00.000,2019-09-09 14:49:54.000,Travis Comer
South Brawley 3,12468749-000,0.1510776,1970-01-01 00:00:00.000,2019-09-09 14:49:54.000,Travis Comer
Rubey Estates 1,12468754-000,0.1510776,1970-01-01 00:00:00.000,2019-09-09 14:49:54.000,Travis Comer
Roberts 5,12468805-000,0.1510776,1970-01-01 00:00:00.000,2019-09-09 14:49:54.000,Travis Comer
Medlin 4,12468806-000,0.1510776,1970-01-01 00:00:00.000,2019-09-09 14:49:54.000,Travis Comer
Jenkins 5,12514532-000,0.1359825,1970-01-01 00:00:00.000,2019-09-09 14:49:54.000,Travis Comer
Walker 1,12514567-000,0.1510776,1970-01-01 00:00:00.000,2019-09-09 14:49:54.000,Travis Comer
Dixon A 1,12514569-000,0.1510776,1970-01-01 00:00:00.000,2019-09-09 14:49:54.000,Travis Comer
Dixon B 2,12514570-000,0.1510776,1970-01-01 00:00:00.000,2019-09-09 14:49:54.000,Travis Comer
Lena Hiatt 1,12610194-000,0.1510776,1970-01-01 00:00:00.000,2019-09-09 14:49:54.000,Travis Comer
Roberts 1,12610195-000,0.1510776,1970-01-01 00:00:00.000,2019-09-09 14:49:54.000,Travis Comer
Medlin 5,12610627-000,0.1510776,1970-01-01 00:00:00.000,2019-09-09 14:49:54.000,Travis Comer
Lena Hiatt 5,12610628-000,0.1510776,1970-01-01 00:00:00.000,2019-09-09 14:49:54.000,Travis Comer
Vida Smart 7,12610629-000,0.1510776,1970-01-01 00:00:00.000,2019-09-09 14:49:54.000,Travis Comer
Moyers 1,12612938-000,0.1510776,1970-01-01 00:00:00.000,2019-09-09 14:49:54.000,Travis Comer
Dixon B 1,12612940-000,0.1510776,1970-01-01 00:00:00.000,2019-09-09 14:49:54.000,Travis Comer
Kinsey 4,12629355-000,0.1359825,1970-01-01 00:00:00.000,2019-09-09 14:49:54.000,Travis Comer
Akins Reeves 6,12629363-000,0.1733621,1970-01-01 00:00:00.000,2019-09-09 14:49:54.000,Travis Comer
Dixon A 3,12629366-000,0.1510776,1970-01-01 00:00:00.000,2019-09-09 14:49:54.000,Travis Comer
Dixon A 2,12629367-000,0.1510776,1970-01-01 00:00:00.000,2019-09-09 14:49:54.000,Travis Comer
Lena Hiatt 4,12629373-000,0.1510776,1970-01-01 00:00:00.000,2019-09-09 14:49:54.000,Travis Comer
Shelton Estate 3,12633429-000,0.1510776,1970-01-01 00:00:00.000,2019-09-09 14:49:54.000,Travis Comer
Garrett Collie 3,12633945-000,0.1359825,1970-01-01 00:00:00.000,2019-09-09 14:49:54.000,Travis Comer
Dixon A 5,12634050-000,0.1510776,1970-01-01 00:00:00.000,2019-09-09 14:49:54.000,Travis Comer
Driver 2,12634287-000,0.1359825,1970-01-01 00:00:00.000,2019-09-09 14:49:54.000,Travis Comer
Roberts 6,12634408-000,0.1510776,1970-01-01 00:00:00.000,2019-09-09 14:49:54.000,Travis Comer
Vida Smart 8,12634513-000,0.1510776,1970-01-01 00:00:00.000,2019-09-09 14:49:54.000,Travis Comer
Nicholson 7,12634637-000,0.1510776,1970-01-01 00:00:00.000,2019-09-09 14:49:54.000,Travis Comer
Kinsey 5,12634924-000,0.1359825,1970-01-01 00:00:00.000,2019-09-09 14:49:54.000,Travis Comer
Walker 2,12635156-000,0.1510776,1970-01-01 00:00:00.000,2019-09-09 14:49:54.000,Travis Comer
Golden 4,12635363-000,0.1359825,1970-01-01 00:00:00.000,2019-09-09 14:49:54.000,Travis Comer
Kangerga B 5,12639986-000,0.1359825,1970-01-01 00:00:00.000,2019-09-09 14:49:54.000,Travis Comer
Kangerga B 6,12640274-000,0.1359825,1970-01-01 00:00:00.000,2019-09-09 14:49:54.000,Travis Comer
Shelton Estate 4,12641605-000,0.1510776,1970-01-01 00:00:00.000,2019-09-09 14:49:54.000,Travis Comer
Garrett Collie 4,12643485-000,0.1359825,1970-01-01 00:00:00.000,2019-09-09 14:49:54.000,Travis Comer
Nicholson 8,12644242-000,0.1510776,1970-01-01 00:00:00.000,2019-09-09 14:49:54.000,Travis Comer
Beckworth 5,12644270-000,0.1359825,1970-01-01 00:00:00.000,2019-09-09 14:49:54.000,Travis Comer
Obyrne Heirs A 5,12645839-000,0.1510776,1970-01-01 00:00:00.000,2019-09-09 14:49:54.000,Travis Comer
George Joseph 2,12646151-000,0.1510776,1970-01-01 00:00:00.000,2019-09-09 14:49:54.000,Travis Comer
Pope 9,12647144-000,0.1720316,1970-01-01 00:00:00.000,2019-09-09 14:49:54.000,Travis Comer
McGee 9,12647145-000,0.1720316,1970-01-01 00:00:00.000,2019-09-09 14:49:54.000,Travis Comer
Mary Roden 7,12651446-000,0.1733621,1970-01-01 00:00:00.000,2019-09-09 14:49:54.000,Travis Comer
T W George A 7,12659416-000,0.1733621,1970-01-01 00:00:00.000,2019-09-09 14:49:54.000,Travis Comer
Allen 5,12660218-000,0.1733621,1970-01-01 00:00:00.000,2019-09-09 14:49:54.000,Travis Comer
Ethridge 971 1,12669141-003,0.1776931,1970-01-01 00:00:00.000,2019-09-09 14:49:54.000,Travis Comer
Katherine Brown 5,12672729-000,0.1733621,1970-01-01 00:00:00.000,2019-09-09 14:49:54.000,Travis Comer
Patterson Herrin 8,12677890-000,0.1733621,1970-01-01 00:00:00.000,2019-09-09 14:49:54.000,Travis Comer
Kangerga 4,12679952-000,0.1359825,1970-01-01 00:00:00.000,2019-09-09 14:49:54.000,Travis Comer
Maude Brown 7,12773739-000,0.1733621,1970-01-01 00:00:00.000,2019-09-09 14:49:54.000,Travis Comer
Kangerga 2,12793565-000,0.1359825,1970-01-01 00:00:00.000,2019-09-09 14:49:54.000,Travis Comer
Roscoe 4,12914467-000,0.1733621,1970-01-01 00:00:00.000,2019-09-09 14:49:54.000,Travis Comer
Washington 6,12920043-000,0.1733621,1970-01-01 00:00:00.000,2019-09-09 14:49:54.000,Travis Comer
CGU 13 15,12932588-000,0.160221,1970-01-01 00:00:00.000,2019-09-09 14:49:54.000,Travis Comer
CGU 13 14,12933720-000,0.160221,1970-01-01 00:00:00.000,2019-09-09 14:49:54.000,Travis Comer
Rogers 3 H,12934927-000,0.1720316,1970-01-01 00:00:00.000,2019-09-09 14:49:54.000,Travis Comer
Brewster 8,12936034-000,0.1733621,1970-01-01 00:00:00.000,2019-09-09 14:49:54.000,Travis Comer
Young B 5,12936036-000,0.1733621,1970-01-01 00:00:00.000,2019-09-09 14:49:54.000,Travis Comer
Kangerga 3 H,12936087-001,0.1359825,1970-01-01 00:00:00.000,2019-09-09 14:49:54.000,Travis Comer
Jackson 7 H,12936575-000,0.1720316,1970-01-01 00:00:00.000,2019-09-09 14:49:54.000,Travis Comer
Young B 2,12939682-000,0.1733621,1970-01-01 00:00:00.000,2019-09-09 14:49:54.000,Travis Comer
Whaley B 3,12939685-000,0.1720316,1970-01-01 00:00:00.000,2019-09-09 14:49:54.000,Travis Comer
CGU 13 16,12947960-000,0.160221,1970-01-01 00:00:00.000,2019-09-09 14:49:54.000,Travis Comer
Reed W M 9,12956475-000,0.1942807,1970-01-01 00:00:00.000,2019-09-09 14:49:54.000,Travis Comer
Peggy Pierce 4 H,12958903-000,0.1720316,1970-01-01 00:00:00.000,2019-09-09 14:49:54.000,Travis Comer
Washington 5,12961259-000,0.1733621,1970-01-01 00:00:00.000,2019-09-09 14:49:54.000,Travis Comer
Brewster J T 16,12966231-000,0.1942807,1970-01-01 00:00:00.000,2019-09-09 14:49:54.000,Travis Comer
Vinson 3,12967429-000,0.1359825,1970-01-01 00:00:00.000,2019-09-09 14:49:54.000,Travis Comer
Kingstree Ranch 2 H,12971101-000,0.1720316,1970-01-01 00:00:00.000,2019-09-09 14:49:54.000,Travis Comer
Soape 14,12973719-000,0.1942807,1970-01-01 00:00:00.000,2019-09-09 14:49:54.000,Travis Comer
Kelly Heirs 4,12976774-003,0.1720316,1970-01-01 00:00:00.000,2019-09-09 14:49:54.000,Travis Comer
CGU 6 A 14,12976957-000,0.160221,1970-01-01 00:00:00.000,2019-09-09 14:49:54.000,Travis Comer
Rosborough B 6,12984842-000,0.1733621,1970-01-01 00:00:00.000,2019-09-09 14:49:54.000,Travis Comer
Matthews 5,13003031-000,0.1733621,1970-01-01 00:00:00.000,2019-09-09 14:49:54.000,Travis Comer
Matthew Morris 1,13011200-000,0.1720316,1970-01-01 00:00:00.000,2019-09-09 14:49:54.000,Travis Comer
Patterson Herrin 6,13019058-000,0.1733621,1970-01-01 00:00:00.000,2019-09-09 14:49:54.000,Travis Comer
Becker 6,13030211-000,0.1733621,1970-01-01 00:00:00.000,2019-09-09 14:49:54.000,Travis Comer
Georgetown 885 1,13031180-003,0.1776931,1970-01-01 00:00:00.000,2019-09-09 14:49:54.000,Travis Comer
Kelly Heirs 6 H,13039973-000,0.1720316,1970-01-01 00:00:00.000,2019-09-09 14:49:54.000,Travis Comer
McSwain A 1 H,13042505-000,0.138166,1970-01-01 00:00:00.000,2019-09-09 14:49:54.000,Travis Comer
T W George A 5,13047419-000,0.1733621,1970-01-01 00:00:00.000,2019-09-09 14:49:54.000,Travis Comer
Kelly Heirs 7 H,13050571-000,0.1720316,1970-01-01 00:00:00.000,2019-09-09 14:49:54.000,Travis Comer
Frank Davis 4,13052942-000,0.1720316,1970-01-01 00:00:00.000,2019-09-09 14:49:54.000,Travis Comer
Burnett Brothers 47,13057267-003,0.160221,1970-01-01 00:00:00.000,2019-09-09 14:49:54.000,Travis Comer
Hordern A 3 H,13064146-001,0.1720316,1970-01-01 00:00:00.000,2019-09-09 14:49:54.000,Travis Comer
Harrison 9,13069767-000,0.1942807,1970-01-01 00:00:00.000,2019-09-09 14:49:54.000,Travis Comer
Nelson Hay 1 H,13071342-000,0.1293103,2011-06-01 00:00:00.000,2019-09-09 14:49:54.000,Travis Comer
Driver 3,13076995-000,0.1359825,1970-01-01 00:00:00.000,2019-09-09 14:49:54.000,Travis Comer
Kelly Heirs 5 H,13079155-000,0.1720316,1970-01-01 00:00:00.000,2019-09-09 14:49:54.000,Travis Comer
Alton Oney 1 H,13081916-000,0.1720316,1970-01-01 00:00:00.000,2019-09-09 14:49:54.000,Travis Comer
Golden 6,13085462-000,0.1359825,1970-01-01 00:00:00.000,2019-09-09 14:49:54.000,Travis Comer
Sanders 5 H,13098945-000,0.1720316,1970-01-01 00:00:00.000,2019-09-09 14:49:54.000,Travis Comer
McGee B 8 H,13105417-000,0.1720316,1970-01-01 00:00:00.000,2019-09-09 14:49:54.000,Travis Comer
CGU 6 A 12,13125590-000,0.160221,1970-01-01 00:00:00.000,2019-09-09 14:49:54.000,Travis Comer
Thompson 7,13129225-000,0.1733621,1970-01-01 00:00:00.000,2019-09-09 14:49:54.000,Travis Comer
Burnett Brothers 40,13132681-000,0.160221,1970-01-01 00:00:00.000,2019-09-09 14:49:54.000,Travis Comer
Vinson 5,13132696-000,0.1359825,1970-01-01 00:00:00.000,2019-09-09 14:49:54.000,Travis Comer
Golden 7,13135972-000,0.1359825,1970-01-01 00:00:00.000,2019-09-09 14:49:54.000,Travis Comer
Rosborough 4,13137522-000,0.1733621,1970-01-01 00:00:00.000,2019-09-09 14:49:54.000,Travis Comer
Kathleen Resch 7,13144798-000,0.1733621,1970-01-01 00:00:00.000,2019-09-09 14:49:54.000,Travis Comer
Patterson Herrin 7,13144807-000,0.1733621,1970-01-01 00:00:00.000,2019-09-09 14:49:54.000,Travis Comer
Findley A 8 H,13149037-000,0.1720316,1970-01-01 00:00:00.000,2019-09-09 14:49:54.000,Travis Comer
Maude Brown 6,13149678-000,0.1733621,1970-01-01 00:00:00.000,2019-09-09 14:49:54.000,Travis Comer
South Brawley 1,13149755-000,0.1510776,1970-01-01 00:00:00.000,2019-09-09 14:49:54.000,Travis Comer
Harris B 4 H,13151450-000,0.1720316,1970-01-01 00:00:00.000,2019-09-09 14:49:54.000,Travis Comer
CGU 18 8,13154098-000,0.160221,1970-01-01 00:00:00.000,2019-09-09 14:49:54.000,Travis Comer
Hynson 4 H,13163959-000,0.1720316,1970-01-01 00:00:00.000,2019-09-09 14:49:54.000,Travis Comer
T W George A 6,13164873-000,0.1733621,1970-01-01 00:00:00.000,2019-09-09 14:49:54.000,Travis Comer
T W George A 8 H,13166470-000,0.1733621,1970-01-01 00:00:00.000,2019-09-09 14:49:54.000,Travis Comer
Becker 9,13168337-000,0.1733621,1970-01-01 00:00:00.000,2019-09-09 14:49:54.000,Travis Comer
Frank Davis 5,13169269-000,0.1720316,1970-01-01 00:00:00.000,2019-09-09 14:49:54.000,Travis Comer
Mary Roden 5,13170100-000,0.1733621,1970-01-01 00:00:00.000,2019-09-09 14:49:54.000,Travis Comer
Georgetown 885 3,13171660-000,0.1776931,1970-01-01 00:00:00.000,2019-09-09 14:49:54.000,Travis Comer
McSwain B 1 H,13176292-000,0.1381655,1970-01-01 00:00:00.000,2019-09-09 14:49:54.000,Travis Comer
Obyrne Heirs A 6,13179765-000,0.1510776,1970-01-01 00:00:00.000,2019-09-09 14:49:54.000,Travis Comer
Rosborough B 5,13186390-000,0.1733621,1970-01-01 00:00:00.000,2019-09-09 14:49:54.000,Travis Comer
Becker 8,13186996-000,0.1733621,1970-01-01 00:00:00.000,2019-09-09 14:49:54.000,Travis Comer
Whaley 3 H,13193894-000,0.1720316,1970-01-01 00:00:00.000,2019-09-09 14:49:54.000,Travis Comer
Hynson 3 H,13193897-000,0.1720316,1970-01-01 00:00:00.000,2019-09-09 14:49:54.000,Travis Comer
Golden 5,13210457-000,0.1359825,1970-01-01 00:00:00.000,2019-09-09 14:49:54.000,Travis Comer
Sanders 6 H,13215172-000,0.1720316,1970-01-01 00:00:00.000,2019-09-09 14:49:54.000,Travis Comer
Brown Heirs 2 H,13222251-000,0.1720316,1970-01-01 00:00:00.000,2019-09-09 14:49:54.000,Travis Comer
Dudeck Heirs 5 H,13228037-000,0.1733621,1970-01-01 00:00:00.000,2019-09-09 14:49:54.000,Travis Comer
Peggy Pierce 2,13234929-000,0.1720316,1970-01-01 00:00:00.000,2019-09-09 14:49:54.000,Travis Comer
Becker 7,13234941-000,0.1733621,1970-01-01 00:00:00.000,2019-09-09 14:49:54.000,Travis Comer
Dudeck Heirs 4,13235229-000,0.1733621,1970-01-01 00:00:00.000,2019-09-09 14:49:54.000,Travis Comer
Brune Burnett C 2,13235240-000,0.1733621,1970-01-01 00:00:00.000,2019-09-09 14:49:54.000,Travis Comer
Allen 3,13235359-000,0.1733621,1970-01-01 00:00:00.000,2019-09-09 14:49:54.000,Travis Comer
Mosley 5,13235408-000,0.1733621,1970-01-01 00:00:00.000,2019-09-09 14:49:54.000,Travis Comer
Allen 8,13235490-000,0.1733621,1970-01-01 00:00:00.000,2019-09-09 14:49:54.000,Travis Comer
Davis F 2 H,13235834-000,0.1720316,1970-01-01 00:00:00.000,2019-09-09 14:49:54.000,Travis Comer
CGU 6 A 13,13239978-000,0.160221,1970-01-01 00:00:00.000,2019-09-09 14:49:54.000,Travis Comer
Allison 17,13239996-000,0.1942807,1970-01-01 00:00:00.000,2019-09-09 14:49:54.000,Travis Comer
Burnett Brothers 36,13240043-000,0.160221,1970-01-01 00:00:00.000,2019-09-09 14:49:54.000,Travis Comer
Cypress Point 1,13240201-000,0.160221,1970-01-01 00:00:00.000,2019-09-09 14:49:54.000,Travis Comer
Britton 9 H,13261962-000,0.1720316,1970-01-01 00:00:00.000,2019-09-09 14:49:54.000,Travis Comer
T W George B 5,13271730-000,0.1733621,1970-01-01 00:00:00.000,2019-09-09 14:49:54.000,Travis Comer
Chapman B 9 H,13274041-000,0.1720316,1970-01-01 00:00:00.000,2019-09-09 14:49:54.000,Travis Comer
Allison 16,13275424-000,0.1942807,1970-01-01 00:00:00.000,2019-09-09 14:49:54.000,Travis Comer
Brune Burnett C 3,13282370-000,0.1733621,1970-01-01 00:00:00.000,2019-09-09 14:49:54.000,Travis Comer
Red River A 1 H,13285248-000,0.1381655,1970-01-01 00:00:00.000,2019-09-09 14:49:54.000,Travis Comer
Brown Heirs 3 H,13290618-000,0.1720316,1970-01-01 00:00:00.000,2019-09-09 14:49:54.000,Travis Comer
Timbers 1 H,13299855-000,0.171639,1970-01-01 00:00:00.000,2019-09-09 14:49:54.000,Travis Comer
Whaley 4 H,13300053-000,0.1720316,1970-01-01 00:00:00.000,2019-09-09 14:49:54.000,Travis Comer
Watson 4,13312429-003,0.1359825,1970-01-01 00:00:00.000,2019-09-09 14:49:54.000,Travis Comer
Roscoe 5 H,13319724-000,0.1733621,1970-01-01 00:00:00.000,2019-09-09 14:49:54.000,Travis Comer
Akins Reeves 7,13323183-000,0.1733621,1970-01-01 00:00:00.000,2019-09-09 14:49:54.000,Travis Comer
Ethridge 971 2,13324543-000,0.1776931,1970-01-01 00:00:00.000,2019-09-09 14:49:54.000,Travis Comer
Red River B 1 H,13330875-000,0.1381655,1970-01-01 00:00:00.000,2019-09-09 14:49:54.000,Travis Comer
Highland Lake Club 4,13331095-000,0.1720316,1970-01-01 00:00:00.000,2019-09-09 14:49:54.000,Travis Comer
Owens 5,13331096-000,0.1720316,1970-01-01 00:00:00.000,2019-09-09 14:49:54.000,Travis Comer
T W George A 9 H,13334797-000,0.1733621,1970-01-01 00:00:00.000,2019-09-09 14:49:54.000,Travis Comer
Kingstree Ranch D 3 H,13342777-000,0.1720316,1970-01-01 00:00:00.000,2019-09-09 14:49:54.000,Travis Comer
Bath A 5,13349940-000,0.1733621,1970-01-01 00:00:00.000,2019-09-09 14:49:54.000,Travis Comer
Medlin 6,13350269-000,0.1510776,1970-01-01 00:00:00.000,2019-09-09 14:49:54.000,Travis Comer
Nancy Brewster 7,13350956-000,0.1733621,1970-01-01 00:00:00.000,2019-09-09 14:49:54.000,Travis Comer
Timbers 2 H,13351807-000,0.171639,1970-01-01 00:00:00.000,2019-09-09 14:49:54.000,Travis Comer
CGU 13 17 H,13352040-000,0.160221,1970-01-01 00:00:00.000,2019-09-09 14:49:54.000,Travis Comer
Nesbitt Stroud 3 H,13353675-000,0.1720316,1970-01-01 00:00:00.000,2019-09-09 14:49:54.000,Travis Comer
Brune Burnett C 4,13356900-000,0.1733621,1970-01-01 00:00:00.000,2019-09-09 14:49:54.000,Travis Comer
Bath B 8,13356902-000,0.1733621,1970-01-01 00:00:00.000,2019-09-09 14:49:54.000,Travis Comer
Bath A 4,13356904-000,0.1733621,1970-01-01 00:00:00.000,2019-09-09 14:49:54.000,Travis Comer
Chauvin Landry 4,13356906-000,0.1733621,1970-01-01 00:00:00.000,2019-09-09 14:49:54.000,Travis Comer
Smith 1 H,13359214-000,0.171639,1970-01-01 00:00:00.000,2019-09-09 14:49:54.000,Travis Comer
Watson 5 H,13367868-000,0.1359825,1970-01-01 00:00:00.000,2019-09-09 14:49:54.000,Travis Comer
Wiltcher 8,13368593-000,0.1942807,1970-01-01 00:00:00.000,2019-09-09 14:49:54.000,Travis Comer
Dixon A 6 H,13370951-000,0.1510776,1970-01-01 00:00:00.000,2019-09-09 14:49:54.000,Travis Comer
Aclco Hay 1 H,13387002-000,0.1334966,2012-03-01 00:00:00.000,2019-09-09 14:49:54.000,Travis Comer
Brown Heirs 4 H,13401120-000,0.1720316,1970-01-01 00:00:00.000,2019-09-09 14:49:54.000,Travis Comer
Hordern A 4 H,13410433-000,0.1720316,1970-01-01 00:00:00.000,2019-09-09 14:49:54.000,Travis Comer
Findley A 7 H,13410724-000,0.1720316,1970-01-01 00:00:00.000,2019-09-09 14:49:54.000,Travis Comer
Cullers 5,13413742-000,0.1359825,1970-01-01 00:00:00.000,2019-09-09 14:49:54.000,Travis Comer
Roads End 1 H,13434039-000,0.1856044,1970-01-01 00:00:00.000,2019-09-09 14:49:54.000,Travis Comer
McGee B 7 H,13442666-000,0.1720316,1970-01-01 00:00:00.000,2019-09-09 14:49:54.000,Travis Comer
Highland Lake Club 5 H,13447853-000,0.1720316,1970-01-01 00:00:00.000,2019-09-09 14:49:54.000,Travis Comer
Whipkey 1 H,13458965-000,0.171639,1970-01-01 00:00:00.000,2019-09-09 14:49:54.000,Travis Comer
Peggy Pierce 3 H,13463766-001,0.1720316,1970-01-01 00:00:00.000,2019-09-09 14:49:54.000,Travis Comer
Rusk 593 A 1 H,13471896-000,0.1381655,1970-01-01 00:00:00.000,2019-09-09 14:49:54.000,Travis Comer
Davis A 4,13474648-000,0.1720316,1970-01-01 00:00:00.000,2019-09-09 14:49:54.000,Travis Comer
Watson 7 H,13483722-000,0.1359825,1970-01-01 00:00:00.000,2019-09-09 14:49:54.000,Travis Comer
Brewster 4,13499447-000,0.1733621,1970-01-01 00:00:00.000,2019-09-09 14:49:54.000,Travis Comer
Brewster 5,13499448-000,0.1733621,1970-01-01 00:00:00.000,2019-09-09 14:49:54.000,Travis Comer
Runnels 8,13545815-000,0.1733621,1970-01-01 00:00:00.000,2019-09-09 14:49:54.000,Travis Comer
Kinsey 6,13565723-003,0.1359825,1970-01-01 00:00:00.000,2019-09-09 14:49:54.000,Travis Comer
Cypress Bayou 1 H,13577262-000,0.1856044,1970-01-01 00:00:00.000,2019-09-09 14:49:54.000,Travis Comer
Hurd 6,13579980-000,0.1720316,1970-01-01 00:00:00.000,2019-09-09 14:49:54.000,Travis Comer
Whaley B 5 H,13581250-000,0.1720316,1970-01-01 00:00:00.000,2019-09-09 14:49:54.000,Travis Comer
Hurd 5,13586393-000,0.1720316,1970-01-01 00:00:00.000,2019-09-09 14:49:54.000,Travis Comer
Ware A 6,13613783-000,0.1733621,1970-01-01 00:00:00.000,2019-09-09 14:49:54.000,Travis Comer
Ware A 7,13613785-000,0.1733621,1970-01-01 00:00:00.000,2019-09-09 14:49:54.000,Travis Comer
Ware A 8,13613786-000,0.1733621,1970-01-01 00:00:00.000,2019-09-09 14:49:54.000,Travis Comer
Jackson 5,13635923-000,0.1720316,1970-01-01 00:00:00.000,2019-09-09 14:49:54.000,Travis Comer
Slaughter B 4 H,13639931-000,0.1720316,1970-01-01 00:00:00.000,2019-09-09 14:49:54.000,Travis Comer
Rusk 593 B 1 H,13656946-000,0.1381655,1970-01-01 00:00:00.000,2019-09-09 14:49:54.000,Travis Comer
Brewster 6,13695861-000,0.1733621,1970-01-01 00:00:00.000,2019-09-09 14:49:54.000,Travis Comer
Young B 4,13695863-000,0.1733621,1970-01-01 00:00:00.000,2019-09-09 14:49:54.000,Travis Comer
Kingstree Ranch E 3 H,13700261-000,0.1720316,1970-01-01 00:00:00.000,2019-09-09 14:49:54.000,Travis Comer
Rogers 2 H,13721499-000,0.1720316,1970-01-01 00:00:00.000,2019-09-09 14:49:54.000,Travis Comer
Slaughter B 5 H,13721683-000,0.1720316,1970-01-01 00:00:00.000,2019-09-09 14:49:54.000,Travis Comer
Davis A 5 H,13749388-000,0.1720316,1970-01-01 00:00:00.000,2019-09-09 14:49:54.000,Travis Comer
St. James 1 H,13755296-000,0.1856044,1970-01-01 00:00:00.000,2019-09-09 14:49:54.000,Travis Comer
Aclco Hay 2 1 H,13763119-000,0.1293103,2015-03-01 00:00:00.000,2019-09-09 14:49:54.000,Travis Comer
CGU 9 6,13768611-000,0.160221,1970-01-01 00:00:00.000,2019-09-09 14:49:54.000,Travis Comer
Davis F 4 H,13769970-000,0.1720316,1970-01-01 00:00:00.000,2019-09-09 14:49:54.000,Travis Comer
Harris B 3 H,13836705-000,0.1720316,1970-01-01 00:00:00.000,2019-09-09 14:49:54.000,Travis Comer
Frank Davis 6,13845844-000,0.1720316,1970-01-01 00:00:00.000,2019-09-09 14:49:54.000,Travis Comer
Kingstree Ranch E 2 H,13853505-000,0.1720316,1970-01-01 00:00:00.000,2019-09-09 14:49:54.000,Travis Comer
Sarge 1 H R,13860389-001,0.1032814,2012-03-01 00:00:00.000,2019-09-09 14:49:54.000,Travis Comer
Findley B 4 H,13861880-000,0.1720316,1970-01-01 00:00:00.000,2019-09-09 14:49:54.000,Travis Comer
Resch B 4,13861882-000,0.1733621,1970-01-01 00:00:00.000,2019-09-09 14:49:54.000,Travis Comer
Kingstree Ranch D 2 H,13870538-000,0.1720316,1970-01-01 00:00:00.000,2019-09-09 14:49:54.000,Travis Comer
Findley A 6 H,13879778-000,0.1720316,1970-01-01 00:00:00.000,2019-09-09 14:49:54.000,Travis Comer
Owens 6 H,13915075-000,0.1720316,1970-01-01 00:00:00.000,2019-09-09 14:49:54.000,Travis Comer
Hurd 7,13916878-000,0.1720316,1970-01-01 00:00:00.000,2019-09-09 14:49:54.000,Travis Comer
Young B 3,13916879-000,0.1733621,1970-01-01 00:00:00.000,2019-09-09 14:49:54.000,Travis Comer
Burnett Brothers 41,13917493-000,0.160221,1970-01-01 00:00:00.000,2019-09-09 14:49:54.000,Travis Comer
Burnett Brothers 44,13923422-000,0.160221,1970-01-01 00:00:00.000,2019-09-09 14:49:54.000,Travis Comer
Griffis 7 H,13938822-000,0.1720316,1970-01-01 00:00:00.000,2019-09-09 14:49:54.000,Travis Comer
Mosley 4,13941361-000,0.1733621,1970-01-01 00:00:00.000,2019-09-09 14:49:54.000,Travis Comer
Burnett Brothers 45,13942172-000,0.160221,1970-01-01 00:00:00.000,2019-09-09 14:49:54.000,Travis Comer
Whaley B 4 H,13948035-000,0.1720316,1970-01-01 00:00:00.000,2019-09-09 14:49:54.000,Travis Comer
Soape 15 H,13950373-000,0.1753635,1970-01-01 00:00:00.000,2019-09-09 14:49:54.000,Travis Comer
Soape 16 H,13950375-000,0.1753635,1970-01-01 00:00:00.000,2019-09-09 14:49:54.000,Travis Comer
Burnett Brothers 42,13955636-000,0.160221,1970-01-01 00:00:00.000,2019-09-09 14:49:54.000,Travis Comer
Soape 17 H,14003438-000,0.1753635,1970-01-01 00:00:00.000,2019-09-09 14:49:54.000,Travis Comer
Bath A 8,14039153-000,0.1733621,1970-01-01 00:00:00.000,2019-09-09 14:49:54.000,Travis Comer
CGU 7 7,14044015-000,0.160221,1970-01-01 00:00:00.000,2019-09-09 14:49:54.000,Travis Comer
Davis A 6,14047872-000,0.1720316,1970-01-01 00:00:00.000,2019-09-09 14:49:54.000,Travis Comer
Allen 4,14051312-000,0.1733621,1970-01-01 00:00:00.000,2019-09-09 14:49:54.000,Travis Comer
Frank Davis 7,14052795-000,0.1720316,1970-01-01 00:00:00.000,2019-09-09 14:49:54.000,Travis Comer
CGU 18 7,14053352-000,0.160221,1970-01-01 00:00:00.000,2019-09-09 14:49:54.000,Travis Comer
Lewis B 8,14058807-000,0.1720316,1970-01-01 00:00:00.000,2019-09-09 14:49:54.000,Travis Comer
Bath A 7,14073280-000,0.1733621,1970-01-01 00:00:00.000,2019-09-09 14:49:54.000,Travis Comer
Brewster 7,14078983-000,0.1733621,1970-01-01 00:00:00.000,2019-09-09 14:49:54.000,Travis Comer
Burnett Brothers 46,14084388-000,0.160221,1970-01-01 00:00:00.000,2019-09-09 14:49:54.000,Travis Comer
Jackson 6,14091392-003,0.1720316,1970-01-01 00:00:00.000,2019-09-09 14:49:54.000,Travis Comer
Brune Burnett C 5,14140697-000,0.1733621,1970-01-01 00:00:00.000,2019-09-09 14:49:54.000,Travis Comer
Burnett Brothers 49,14145867-000,0.160221,1970-01-01 00:00:00.000,2019-09-09 14:49:54.000,Travis Comer
CGU 11 13,14155851-000,0.160221,1970-01-01 00:00:00.000,2019-09-09 14:49:54.000,Travis Comer
Brune Burnett C 6,14158991-000,0.1733621,1970-01-01 00:00:00.000,2019-09-09 14:49:54.000,Travis Comer
Brune Burnett B 4,14161089-000,0.1733621,1970-01-01 00:00:00.000,2019-09-09 14:49:54.000,Travis Comer
Brune Burnett B 7,14162224-000,0.1733621,1970-01-01 00:00:00.000,2019-09-09 14:49:54.000,Travis Comer
Brune Burnett B 6,14164418-000,0.1733621,1970-01-01 00:00:00.000,2019-09-09 14:49:54.000,Travis Comer
CGU 11 14,14164516-000,0.160221,1970-01-01 00:00:00.000,2019-09-09 14:49:54.000,Travis Comer
Soape 18 H,14167172-002,0.1753635,1970-01-01 00:00:00.000,2019-09-09 14:49:54.000,Travis Comer
Soape 19 H,14167173-000,0.1753635,1970-01-01 00:00:00.000,2019-09-09 14:49:54.000,Travis Comer
Allen 7,14174190-000,0.1733621,1970-01-01 00:00:00.000,2019-09-09 14:49:54.000,Travis Comer
Mary Roden 3,14176720-000,0.1733621,1970-01-01 00:00:00.000,2019-09-09 14:49:54.000,Travis Comer
Hurd 4,14195597-000,0.1720316,1970-01-01 00:00:00.000,2019-09-09 14:49:54.000,Travis Comer
Rosborough B 7,14195601-000,0.1733621,1970-01-01 00:00:00.000,2019-09-09 14:49:54.000,Travis Comer
B N Rogers 7,14208885-000,0.1359825,1970-01-01 00:00:00.000,2019-09-09 14:49:54.000,Travis Comer
B N Rogers 8,14208886-000,0.1359825,1970-01-01 00:00:00.000,2019-09-09 14:49:54.000,Travis Comer
Washington 7,14209531-000,0.1733621,1970-01-01 00:00:00.000,2019-09-09 14:49:54.000,Travis Comer
Hurd 8,14209542-000,0.1720316,1970-01-01 00:00:00.000,2019-09-09 14:49:54.000,Travis Comer
Allen 6,14209546-000,0.1733621,1970-01-01 00:00:00.000,2019-09-09 14:49:54.000,Travis Comer
Owens 7,14209548-000,0.1720316,1970-01-01 00:00:00.000,2019-09-09 14:49:54.000,Travis Comer
Vann 5,14210477-000,0.1733621,1970-01-01 00:00:00.000,2019-09-09 14:49:54.000,Travis Comer
Vann 6,14210478-000,0.1733621,1970-01-01 00:00:00.000,2019-09-09 14:49:54.000,Travis Comer
Burnett Brothers 33,14215992-000,0.160221,1970-01-01 00:00:00.000,2019-09-09 14:49:54.000,Travis Comer
Akins Reeves 1,14217775-000,0.1733621,1970-01-01 00:00:00.000,2019-09-09 14:49:54.000,Travis Comer
Vinson 4,14217810-000,0.1359825,1970-01-01 00:00:00.000,2019-09-09 14:49:54.000,Travis Comer
Georgetown 885 2,14218493-000,0.1776931,1970-01-01 00:00:00.000,2019-09-09 14:49:54.000,Travis Comer
Soape 21 H,14241909-000,0.1753635,1970-01-01 00:00:00.000,2019-09-09 14:49:54.000,Travis Comer
Soape 22 H,14243334-000,0.1753635,1970-01-01 00:00:00.000,2019-09-09 14:49:54.000,Travis Comer
Brown Herman 13 H,14244252-000,0.1753635,1970-01-01 00:00:00.000,2019-09-09 14:49:54.000,Travis Comer
Wombat 1 H,14248578-000,0.1724138,2016-04-19 00:00:00.000,2019-09-09 14:49:54.000,Travis Comer
Wombat 2 H,14248579-000,0.1724138,2016-04-19 00:00:00.000,2019-09-09 14:49:54.000,Travis Comer
Bandicoot 2 H,14258600-000,0.1724138,2017-07-04 00:00:00.000,2019-09-09 14:49:54.000,Travis Comer
Soape 23 H,14259918-000,0.1753635,1970-01-01 00:00:00.000,2019-09-09 14:49:54.000,Travis Comer
Bandicoot 1 H B,14269983-000,0.1724138,2017-07-04 00:00:00.000,2019-09-09 14:49:54.000,Travis Comer
Griffis 8,14286206-003,0.1720316,1970-01-01 00:00:00.000,2019-09-09 14:49:54.000,Travis Comer
Trex 1 H,14295238-000,0.1049714,2016-11-27 00:00:00.000,2019-09-09 14:49:54.000,Travis Comer
Walker 1 H,14295819-000,0.07731281,2017-01-20 00:00:00.000,2019-09-09 14:49:54.000,Travis Comer
Dino 1 H,14303813-000,0.1052858,2017-04-11 00:00:00.000,2019-09-09 14:49:54.000,Travis Comer
Wallaby 2 H,14309276-000,0.1662599,2017-07-27 00:00:00.000,2019-09-09 14:49:54.000,Travis Comer
Wallaby 1 H,14309562-000,0.1662599,2017-08-06 00:00:00.000,2019-09-09 14:49:54.000,Travis Comer
Taz 2 H,14312669-000,0.1655601,2017-09-15 00:00:00.000,2019-09-09 14:49:54.000,Travis Comer
Taz 5 H B,14313648-000,0.1655601,2018-03-23 00:00:00.000,2019-09-09 14:49:54.000,Travis Comer
Taz 4 H B,14313869-000,0.1655601,2017-09-13 00:00:00.000,2019-09-09 14:49:54.000,Travis Comer
Koala 3 H,14313988-000,0.1613366,2018-07-14 00:00:00.000,2019-09-09 14:49:54.000,Travis Comer
Taz 1 H,14316545-000,0.1655601,2017-09-11 00:00:00.000,2019-09-09 14:49:54.000,Travis Comer
Taz 3 H,14319343-000,0.1655601,2017-08-29 00:00:00.000,2019-09-09 14:49:54.000,Travis Comer
Saber 1 H,14319899-001,0.1101261,2017-12-14 00:00:00.000,2019-09-09 14:49:54.000,Travis Comer
Saber 1 H B,14319900-001,0.1101261,2017-12-14 00:00:00.000,2019-09-09 14:49:54.000,Travis Comer
Utahraptor 1 H,14322612-001,0.1046172,2017-11-28 00:00:00.000,2019-09-09 14:49:54.000,Travis Comer
Utahraptor 1 H B,14322613-001,0.1046172,2017-11-27 00:00:00.000,2019-09-09 14:49:54.000,Travis Comer
Koala 5 H,14322672-000,0.1486857,2017-07-27 00:00:00.000,2019-09-09 14:49:54.000,Travis Comer
Callisto 1 H,14325314-000,0.1724138,2018-08-24 00:00:00.000,2019-09-09 14:49:54.000,Travis Comer
Pluto 1 H,14326646-001,0.08403448,2017-11-12 00:00:00.000,2019-09-09 14:49:54.000,Travis Comer
Pluto 1 H B,14326647-001,0.08403448,2017-11-12 00:00:00.000,2019-09-09 14:49:54.000,Travis Comer
Gasosaurus 1 H,14340136-001,0.1233851,2018-02-15 00:00:00.000,2019-09-09 14:49:54.000,Travis Comer
Sugar Glider 1 H B,14340216-001,0.1642586,2018-05-11 00:00:00.000,2019-09-09 14:49:54.000,Travis Comer
Sugar Glider 1 H,14340217-001,0.1642586,2018-05-11 00:00:00.000,2019-09-09 14:49:54.000,Travis Comer
Rockies 1 H,14354532-002,0.123431,2018-05-24 00:00:00.000,2019-09-09 14:49:54.000,Travis Comer
Wallaby 4 H B,14364160-000,0.1662599,2019-03-21 00:00:00.000,2019-09-09 14:49:54.000,Travis Comer
Koala 3 H B,14365559-000,0.1613366,2018-07-14 00:00:00.000,2019-09-09 14:49:54.000,Travis Comer
Trex 2 H,14365684-000,0.1049714,2018-11-27 00:00:00.000,2019-09-09 14:49:54.000,Travis Comer
Trex 2 H B,14365685-000,0.1049714,2018-11-27 00:00:00.000,2019-09-09 14:49:54.000,Travis Comer
Koala 6 H B,14367479-000,0.1613366,2018-08-30 00:00:00.000,2019-09-09 14:49:54.000,Travis Comer
Wallaby 3 H,14367849-000,0.1662599,2018-08-08 00:00:00.000,2019-09-09 14:49:54.000,Travis Comer
Wallaby 3 H B,14368525-000,0.1662599,2018-08-09 00:00:00.000,2019-09-09 14:49:54.000,Travis Comer
Velo 1 H,14374279-001,0.104651,2018-11-12 00:00:00.000,2019-09-09 14:49:54.000,Travis Comer
Titan 2 H R,14374999-000,0.1017533,2018-12-23 00:00:00.000,2019-09-09 14:49:54.000,Travis Comer
Velo 1 H B,14376193-000,0.104651,2018-11-12 00:00:00.000,2019-09-09 14:49:54.000,Travis Comer
Stego 1 H,14376194-000,0.1230069,2018-07-12 00:00:00.000,2019-09-09 14:49:54.000,Travis Comer
Kanga 2 H,14376244-000,0.1535517,2019-03-06 00:00:00.000,2019-09-09 14:49:54.000,Travis Comer
Kanga 2 H B,14376245-000,0.1535517,2019-03-06 00:00:00.000,2019-09-09 14:49:54.000,Travis Comer
Mississippi 1 H,14376246-000,0.1106724,2019-01-27 00:00:00.000,2019-09-09 14:49:54.000,Travis Comer
Proteus 1 H,14379956-000,0.1111357,2018-09-15 00:00:00.000,2019-09-09 14:49:54.000,Travis Comer
Wombat 3 H B,14381121-000,0.1724138,2019-05-12 00:00:00.000,2019-09-09 14:49:54.000,Travis Comer
Trex 3 H B,14381815-000,0.1049714,2018-10-27 00:00:00.000,2019-09-09 14:49:54.000,Travis Comer
Dracorex 2 H,14384752-000,0.10445,2019-01-09 00:00:00.000,2019-09-09 14:49:54.000,Travis Comer
Dracorex 2 H B,14384753-000,0.10445,2019-01-09 00:00:00.000,2019-09-09 14:49:54.000,Travis Comer
Sugar Glider 2 H,14385259-000,0.1642641,2019-05-05 00:00:00.000,2019-09-09 14:49:54.000,Travis Comer
Sugar Glider 2 H B,14385419-000,0.1642641,2019-05-05 00:00:00.000,2019-09-09 14:49:54.000,Travis Comer
Titan 2 H B,14396384-000,0.1017533,2019-01-27 00:00:00.000,2019-09-09 14:49:54.000,Travis Comer
Allosaurus 3 H,14402359-000,0.1172414,2019-06-17 00:00:00.000,2019-09-09 14:49:54.000,Travis Comer
Allosaurus 3 H B,14402559-000,0.1172414,2019-06-17 00:00:00.000,2019-09-09 14:49:54.000,Travis Comer
Denali 3 H B,14404208-000,0.122569,2019-07-16 00:00:00.000,2019-09-09 14:49:54.000,Travis Comer
Ttops 2 H,14404359-000,0.1034483,2019-08-15 00:00:00.000,2019-09-09 14:49:54.000,Travis Comer
Rockies 4 H B,14406376-000,0.1219248,2019-03-16 00:00:00.000,2019-09-09 14:49:54.000,Travis Comer
Pluto 2 H B,14429980-000,0.08403448,2019-08-01 00:00:00.000,2019-09-09 14:49:54.000,Travis Comer
